Coğrafya,Gösterge_ID,Gösterge,Birim,Yıl,Değer,Dönem_Türü,Veri_Türü,Kaynak_ID,Kaynak_URL,Metod_Notu
Türkiye,1,Satılan ev sayısı,adet,2022,1485622.0,Tam yıl,Resmî gerçekleşen,S01,https://veriportali.tuik.gov.tr/Bulten/Index?dil=1&p=Konut-Satis-Istatistikleri-Aralik-2022-49526,
Türkiye,1,Satılan ev sayısı,adet,2023,1225926.0,Tam yıl,Resmî gerçekleşen,S02,https://veriportali.tuik.gov.tr/tr/press/49516,
Türkiye,1,Satılan ev sayısı,adet,2024,1478025.0,Tam yıl,Resmî gerçekleşen,S03,https://veriportali.tuik.gov.tr/tr/press/54146,
Türkiye,1,Satılan ev sayısı,adet,2025,1688910.0,Tam yıl,Resmî gerçekleşen,S04,https://veriportali.tuik.gov.tr/tr/press/58350,
Türkiye,1,Satılan ev sayısı,adet,2026,1596493.5629,2026E,2026E yıllık tahmin,S04;S05,https://veriportali.tuik.gov.tr/tr/press/58350 ; https://veriportali.tuik.gov.tr/tr/press/58339,
Türkiye,1,Satılan ev sayısı,adet,2027,1626952.1923,Tahmin,Tahmin,S05;S28;S29,https://veriportali.tuik.gov.tr/tr/press/58339 ; https://tcmb.gov.tr/wps/wcm/connect/tr/tcmb%2Btr/main%2Bmenu/duyurular/baskanin%2Bkonusmalari/2026/konusmab13_08_2026 ; https://www.aa.com.tr/tr/ekonomi/tcmb-baskani-karahan-2026-yil-sonu-enflasyon-tahminimizi-yuzde-28-olarak-yukari-yonlu-guncelledik/4025976,2022-2026 CAGR ile %2 uzun dönem işlem büyümesi harmanlanmıştır.
Türkiye,1,Satılan ev sayısı,adet,2028,1658441.7185,Tahmin,Tahmin,S05;S28;S29,https://veriportali.tuik.gov.tr/tr/press/58339 ; https://tcmb.gov.tr/wps/wcm/connect/tr/tcmb%2Btr/main%2Bmenu/duyurular/baskanin%2Bkonusmalari/2026/konusmab13_08_2026 ; https://www.aa.com.tr/tr/ekonomi/tcmb-baskani-karahan-2026-yil-sonu-enflasyon-tahminimizi-yuzde-28-olarak-yukari-yonlu-guncelledik/4025976,2022-2026 CAGR ile %2 uzun dönem işlem büyümesi harmanlanmıştır.
Türkiye,1,Satılan ev sayısı,adet,2029,1690999.221,Tahmin,Tahmin,S05;S28;S29,https://veriportali.tuik.gov.tr/tr/press/58339 ; https://tcmb.gov.tr/wps/wcm/connect/tr/tcmb%2Btr/main%2Bmenu/duyurular/baskanin%2Bkonusmalari/2026/konusmab13_08_2026 ; https://www.aa.com.tr/tr/ekonomi/tcmb-baskani-karahan-2026-yil-sonu-enflasyon-tahminimizi-yuzde-28-olarak-yukari-yonlu-guncelledik/4025976,2022-2026 CAGR ile %2 uzun dönem işlem büyümesi harmanlanmıştır.
Türkiye,1,Satılan ev sayısı,adet,2030,1724819.2054,Tahmin,Tahmin,S05;S28;S29,https://veriportali.tuik.gov.tr/tr/press/58339 ; https://tcmb.gov.tr/wps/wcm/connect/tr/tcmb%2Btr/main%2Bmenu/duyurular/baskanin%2Bkonusmalari/2026/konusmab13_08_2026 ; https://www.aa.com.tr/tr/ekonomi/tcmb-baskani-karahan-2026-yil-sonu-enflasyon-tahminimizi-yuzde-28-olarak-yukari-yonlu-guncelledik/4025976,2022-2026 CAGR ile %2 uzun dönem işlem büyümesi harmanlanmıştır.
Türkiye,2,Ortalama satılık konut alanı,m²,2022,130.0,Yıl sonu / rapor dönemi,Türetilmiş,S06,https://www.emlakdream.com/turkiyede-ortalama-bir-ev-fiyati-1-8-milyon-tlye-yukseldi/,
Türkiye,2,Ortalama satılık konut alanı,m²,2023,130.0,Yıl sonu / rapor dönemi,Türetilmiş,S07,https://www.gayrimenkulhaber.com/emlak-haberleri/turkiyede-ortalama-konut-fiyati-3-milyon-92-bin-700-tl-oldu/,
Türkiye,2,Ortalama satılık konut alanı,m²,2024,127.8428,Yıl sonu / rapor dönemi,Türetilmiş,S08,https://www.gayrimenkulhaber.com/guncel/endeksa-2024-yillik-gayrimenkul-deger-raporu-yayimlandi/,
Türkiye,2,Ortalama satılık konut alanı,m²,2025,124.3386,Yıl sonu / rapor dönemi,Türetilmiş,S09;S16,https://www.dunya.com/ekonomik-veriler/endeksa-konut-satis-fiyatlari-aralik-ayinda-yuzde-272-artti-haberi-812021 ; https://www.karar.com/ekonomi-haberleri/konut-satislari-ne-durumda-emlakta-en-cok-kazandiran-il-hangisi-2033220,
Türkiye,2,Ortalama satılık konut alanı,m²,2026,125.0,Temmuz 2026 son gözlem,Türetilmiş,S10,https://www.emlakjet.com/emlak-piyasasi/satilik-konut,
Türkiye,2,Ortalama satılık konut alanı,m²,2027,125.0,Tahmin,Tahmin,S10;S28;S29,https://www.emlakjet.com/emlak-piyasasi/satilik-konut ; https://tcmb.gov.tr/wps/wcm/connect/tr/tcmb%2Btr/main%2Bmenu/duyurular/baskanin%2Bkonusmalari/2026/konusmab13_08_2026 ; https://www.aa.com.tr/tr/ekonomi/tcmb-baskani-karahan-2026-yil-sonu-enflasyon-tahminimizi-yuzde-28-olarak-yukari-yonlu-guncelledik/4025976,2026 alanı sabit tutulmuştur.
Türkiye,2,Ortalama satılık konut alanı,m²,2028,125.0,Tahmin,Tahmin,S10;S28;S29,https://www.emlakjet.com/emlak-piyasasi/satilik-konut ; https://tcmb.gov.tr/wps/wcm/connect/tr/tcmb%2Btr/main%2Bmenu/duyurular/baskanin%2Bkonusmalari/2026/konusmab13_08_2026 ; https://www.aa.com.tr/tr/ekonomi/tcmb-baskani-karahan-2026-yil-sonu-enflasyon-tahminimizi-yuzde-28-olarak-yukari-yonlu-guncelledik/4025976,2026 alanı sabit tutulmuştur.
Türkiye,2,Ortalama satılık konut alanı,m²,2029,125.0,Tahmin,Tahmin,S10;S28;S29,https://www.emlakjet.com/emlak-piyasasi/satilik-konut ; https://tcmb.gov.tr/wps/wcm/connect/tr/tcmb%2Btr/main%2Bmenu/duyurular/baskanin%2Bkonusmalari/2026/konusmab13_08_2026 ; https://www.aa.com.tr/tr/ekonomi/tcmb-baskani-karahan-2026-yil-sonu-enflasyon-tahminimizi-yuzde-28-olarak-yukari-yonlu-guncelledik/4025976,2026 alanı sabit tutulmuştur.
Türkiye,2,Ortalama satılık konut alanı,m²,2030,125.0,Tahmin,Tahmin,S10;S28;S29,https://www.emlakjet.com/emlak-piyasasi/satilik-konut ; https://tcmb.gov.tr/wps/wcm/connect/tr/tcmb%2Btr/main%2Bmenu/duyurular/baskanin%2Bkonusmalari/2026/konusmab13_08_2026 ; https://www.aa.com.tr/tr/ekonomi/tcmb-baskani-karahan-2026-yil-sonu-enflasyon-tahminimizi-yuzde-28-olarak-yukari-yonlu-guncelledik/4025976,2026 alanı sabit tutulmuştur.
Türkiye,3,Ortalama satılık m² fiyatı,TL/m²,2022,13824.0,Yıl sonu / rapor dönemi,Piyasa verisi,S06,https://www.emlakdream.com/turkiyede-ortalama-bir-ev-fiyati-1-8-milyon-tlye-yukseldi/,
Türkiye,3,Ortalama satılık m² fiyatı,TL/m²,2023,23790.0,Yıl sonu / rapor dönemi,Piyasa verisi,S07,https://www.gayrimenkulhaber.com/emlak-haberleri/turkiyede-ortalama-konut-fiyati-3-milyon-92-bin-700-tl-oldu/,
Türkiye,3,Ortalama satılık m² fiyatı,TL/m²,2024,29724.0,Yıl sonu / rapor dönemi,Piyasa verisi,S08,https://www.gayrimenkulhaber.com/guncel/endeksa-2024-yillik-gayrimenkul-deger-raporu-yayimlandi/,
Türkiye,3,Ortalama satılık m² fiyatı,TL/m²,2025,37800.0,Yıl sonu / rapor dönemi,Piyasa verisi,S09;S16,https://www.dunya.com/ekonomik-veriler/endeksa-konut-satis-fiyatlari-aralik-ayinda-yuzde-272-artti-haberi-812021 ; https://www.karar.com/ekonomi-haberleri/konut-satislari-ne-durumda-emlakta-en-cok-kazandiran-il-hangisi-2033220,
Türkiye,3,Ortalama satılık m² fiyatı,TL/m²,2026,41703.0,Temmuz 2026 son gözlem,Son piyasa gözlemi,S10,https://www.emlakjet.com/emlak-piyasasi/satilik-konut,
Türkiye,3,Ortalama satılık m² fiyatı,TL/m²,2027,47958.45,Tahmin,Tahmin,S10;S28;S29,https://www.emlakjet.com/emlak-piyasasi/satilik-konut ; https://tcmb.gov.tr/wps/wcm/connect/tr/tcmb%2Btr/main%2Bmenu/duyurular/baskanin%2Bkonusmalari/2026/konusmab13_08_2026 ; https://www.aa.com.tr/tr/ekonomi/tcmb-baskani-karahan-2026-yil-sonu-enflasyon-tahminimizi-yuzde-28-olarak-yukari-yonlu-guncelledik/4025976,"Nominal fiyat patikası: 2027 %15, 2028 %9, 2029 %6, 2030 %5."
Türkiye,3,Ortalama satılık m² fiyatı,TL/m²,2028,52274.7105,Tahmin,Tahmin,S10;S28;S29,https://www.emlakjet.com/emlak-piyasasi/satilik-konut ; https://tcmb.gov.tr/wps/wcm/connect/tr/tcmb%2Btr/main%2Bmenu/duyurular/baskanin%2Bkonusmalari/2026/konusmab13_08_2026 ; https://www.aa.com.tr/tr/ekonomi/tcmb-baskani-karahan-2026-yil-sonu-enflasyon-tahminimizi-yuzde-28-olarak-yukari-yonlu-guncelledik/4025976,"Nominal fiyat patikası: 2027 %15, 2028 %9, 2029 %6, 2030 %5."
Türkiye,3,Ortalama satılık m² fiyatı,TL/m²,2029,55411.1931,Tahmin,Tahmin,S10;S28;S29,https://www.emlakjet.com/emlak-piyasasi/satilik-konut ; https://tcmb.gov.tr/wps/wcm/connect/tr/tcmb%2Btr/main%2Bmenu/duyurular/baskanin%2Bkonusmalari/2026/konusmab13_08_2026 ; https://www.aa.com.tr/tr/ekonomi/tcmb-baskani-karahan-2026-yil-sonu-enflasyon-tahminimizi-yuzde-28-olarak-yukari-yonlu-guncelledik/4025976,"Nominal fiyat patikası: 2027 %15, 2028 %9, 2029 %6, 2030 %5."
Türkiye,3,Ortalama satılık m² fiyatı,TL/m²,2030,58181.7528,Tahmin,Tahmin,S10;S28;S29,https://www.emlakjet.com/emlak-piyasasi/satilik-konut ; https://tcmb.gov.tr/wps/wcm/connect/tr/tcmb%2Btr/main%2Bmenu/duyurular/baskanin%2Bkonusmalari/2026/konusmab13_08_2026 ; https://www.aa.com.tr/tr/ekonomi/tcmb-baskani-karahan-2026-yil-sonu-enflasyon-tahminimizi-yuzde-28-olarak-yukari-yonlu-guncelledik/4025976,"Nominal fiyat patikası: 2027 %15, 2028 %9, 2029 %6, 2030 %5."
Türkiye,4,Ortalama ev fiyatı,TL,2022,1797120.0,Yıl sonu / rapor dönemi,Piyasa verisi,S06,https://www.emlakdream.com/turkiyede-ortalama-bir-ev-fiyati-1-8-milyon-tlye-yukseldi/,
Türkiye,4,Ortalama ev fiyatı,TL,2023,3092700.0,Yıl sonu / rapor dönemi,Piyasa verisi,S07,https://www.gayrimenkulhaber.com/emlak-haberleri/turkiyede-ortalama-konut-fiyati-3-milyon-92-bin-700-tl-oldu/,
Türkiye,4,Ortalama ev fiyatı,TL,2024,3800000.0,Yıl sonu / rapor dönemi,Piyasa verisi,S08,https://www.gayrimenkulhaber.com/guncel/endeksa-2024-yillik-gayrimenkul-deger-raporu-yayimlandi/,
Türkiye,4,Ortalama ev fiyatı,TL,2025,4700000.0,Yıl sonu / rapor dönemi,Piyasa verisi,S09;S16,https://www.dunya.com/ekonomik-veriler/endeksa-konut-satis-fiyatlari-aralik-ayinda-yuzde-272-artti-haberi-812021 ; https://www.karar.com/ekonomi-haberleri/konut-satislari-ne-durumda-emlakta-en-cok-kazandiran-il-hangisi-2033220,
Türkiye,4,Ortalama ev fiyatı,TL,2026,5212875.0,Temmuz 2026 son gözlem,Son piyasa gözlemi,S10,https://www.emlakjet.com/emlak-piyasasi/satilik-konut,
Türkiye,4,Ortalama ev fiyatı,TL,2027,5994806.25,Tahmin,Tahmin,S10;S28;S29,https://www.emlakjet.com/emlak-piyasasi/satilik-konut ; https://tcmb.gov.tr/wps/wcm/connect/tr/tcmb%2Btr/main%2Bmenu/duyurular/baskanin%2Bkonusmalari/2026/konusmab13_08_2026 ; https://www.aa.com.tr/tr/ekonomi/tcmb-baskani-karahan-2026-yil-sonu-enflasyon-tahminimizi-yuzde-28-olarak-yukari-yonlu-guncelledik/4025976,
Türkiye,4,Ortalama ev fiyatı,TL,2028,6534338.8125,Tahmin,Tahmin,S10;S28;S29,https://www.emlakjet.com/emlak-piyasasi/satilik-konut ; https://tcmb.gov.tr/wps/wcm/connect/tr/tcmb%2Btr/main%2Bmenu/duyurular/baskanin%2Bkonusmalari/2026/konusmab13_08_2026 ; https://www.aa.com.tr/tr/ekonomi/tcmb-baskani-karahan-2026-yil-sonu-enflasyon-tahminimizi-yuzde-28-olarak-yukari-yonlu-guncelledik/4025976,
Türkiye,4,Ortalama ev fiyatı,TL,2029,6926399.1413,Tahmin,Tahmin,S10;S28;S29,https://www.emlakjet.com/emlak-piyasasi/satilik-konut ; https://tcmb.gov.tr/wps/wcm/connect/tr/tcmb%2Btr/main%2Bmenu/duyurular/baskanin%2Bkonusmalari/2026/konusmab13_08_2026 ; https://www.aa.com.tr/tr/ekonomi/tcmb-baskani-karahan-2026-yil-sonu-enflasyon-tahminimizi-yuzde-28-olarak-yukari-yonlu-guncelledik/4025976,
Türkiye,4,Ortalama ev fiyatı,TL,2030,7272719.0983,Tahmin,Tahmin,S10;S28;S29,https://www.emlakjet.com/emlak-piyasasi/satilik-konut ; https://tcmb.gov.tr/wps/wcm/connect/tr/tcmb%2Btr/main%2Bmenu/duyurular/baskanin%2Bkonusmalari/2026/konusmab13_08_2026 ; https://www.aa.com.tr/tr/ekonomi/tcmb-baskani-karahan-2026-yil-sonu-enflasyon-tahminimizi-yuzde-28-olarak-yukari-yonlu-guncelledik/4025976,
Türkiye,5,Kiralanan ev sayısı (platform proxy),adet/yıl,2022,451812.0,Tam yıl,Platform proxy / yıllıklandırılmış,S25,https://www.bloomberght.com/kira-artis-hizi-yukseldi-kiralanan-konut-azaldi-2323711,Resmî kira sözleşmesi adedi değildir; sahibindex/BETAM platform göstergesi yıllık proxy.
Türkiye,5,Kiralanan ev sayısı (platform proxy),adet/yıl,2023,484260.0,Tam yıl,Platform proxy / yıllıklandırılmış,S27,https://image5.sahibinden.com/staticContent/969bb478/2309/451b/af82/d321e8a0a74d/1706003743.pdf,Resmî kira sözleşmesi adedi değildir; sahibindex/BETAM platform göstergesi yıllık proxy.
Türkiye,5,Kiralanan ev sayısı (platform proxy),adet/yıl,2024,508473.0,Tam yıl,Model/Proxy,S27;Model,https://image5.sahibinden.com/staticContent/969bb478/2309/451b/af82/d321e8a0a74d/1706003743.pdf,Resmî kira sözleşmesi adedi değildir; sahibindex/BETAM platform göstergesi yıllık proxy.
Türkiye,5,Kiralanan ev sayısı (platform proxy),adet/yıl,2025,528811.92,Tam yıl,Model/Proxy,S27;Model,https://image5.sahibinden.com/staticContent/969bb478/2309/451b/af82/d321e8a0a74d/1706003743.pdf,Resmî kira sözleşmesi adedi değildir; sahibindex/BETAM platform göstergesi yıllık proxy.
Türkiye,5,Kiralanan ev sayısı (platform proxy),adet/yıl,2026,549964.3968,2026E,Model/Proxy,S27;Model,https://image5.sahibinden.com/staticContent/969bb478/2309/451b/af82/d321e8a0a74d/1706003743.pdf,Resmî kira sözleşmesi adedi değildir; sahibindex/BETAM platform göstergesi yıllık proxy.
Türkiye,5,Kiralanan ev sayısı (platform proxy),adet/yıl,2027,569316.1539,Tahmin,Tahmin,S27;S28;S29;Model,https://image5.sahibinden.com/staticContent/969bb478/2309/451b/af82/d321e8a0a74d/1706003743.pdf ; https://tcmb.gov.tr/wps/wcm/connect/tr/tcmb%2Btr/main%2Bmenu/duyurular/baskanin%2Bkonusmalari/2026/konusmab13_08_2026 ; https://www.aa.com.tr/tr/ekonomi/tcmb-baskani-karahan-2026-yil-sonu-enflasyon-tahminimizi-yuzde-28-olarak-yukari-yonlu-guncelledik/4025976,Resmî kira sözleşmesi adedi değildir; sahibindex/BETAM platform göstergesi yıllık proxy.
Türkiye,5,Kiralanan ev sayısı (platform proxy),adet/yıl,2028,586754.9359,Tahmin,Tahmin,S27;S28;S29;Model,https://image5.sahibinden.com/staticContent/969bb478/2309/451b/af82/d321e8a0a74d/1706003743.pdf ; https://tcmb.gov.tr/wps/wcm/connect/tr/tcmb%2Btr/main%2Bmenu/duyurular/baskanin%2Bkonusmalari/2026/konusmab13_08_2026 ; https://www.aa.com.tr/tr/ekonomi/tcmb-baskani-karahan-2026-yil-sonu-enflasyon-tahminimizi-yuzde-28-olarak-yukari-yonlu-guncelledik/4025976,Resmî kira sözleşmesi adedi değildir; sahibindex/BETAM platform göstergesi yıllık proxy.
Türkiye,5,Kiralanan ev sayısı (platform proxy),adet/yıl,2029,602054.5218,Tahmin,Tahmin,S27;S28;S29;Model,https://image5.sahibinden.com/staticContent/969bb478/2309/451b/af82/d321e8a0a74d/1706003743.pdf ; https://tcmb.gov.tr/wps/wcm/connect/tr/tcmb%2Btr/main%2Bmenu/duyurular/baskanin%2Bkonusmalari/2026/konusmab13_08_2026 ; https://www.aa.com.tr/tr/ekonomi/tcmb-baskani-karahan-2026-yil-sonu-enflasyon-tahminimizi-yuzde-28-olarak-yukari-yonlu-guncelledik/4025976,Resmî kira sözleşmesi adedi değildir; sahibindex/BETAM platform göstergesi yıllık proxy.
Türkiye,5,Kiralanan ev sayısı (platform proxy),adet/yıl,2030,614095.6122,Tahmin,Tahmin,S27;S28;S29;Model,https://image5.sahibinden.com/staticContent/969bb478/2309/451b/af82/d321e8a0a74d/1706003743.pdf ; https://tcmb.gov.tr/wps/wcm/connect/tr/tcmb%2Btr/main%2Bmenu/duyurular/baskanin%2Bkonusmalari/2026/konusmab13_08_2026 ; https://www.aa.com.tr/tr/ekonomi/tcmb-baskani-karahan-2026-yil-sonu-enflasyon-tahminimizi-yuzde-28-olarak-yukari-yonlu-guncelledik/4025976,Resmî kira sözleşmesi adedi değildir; sahibindex/BETAM platform göstergesi yıllık proxy.
Türkiye,6,Ortalama kiralanan alan (ima edilen),m²,2022,97.5268,Yıl sonu / rapor dönemi,Türetilmiş,S14;S21,https://www.gayrimenkulhaber.com/guncel/endeksa-acikladi-aralik-ayinda-kira-artisi-hiz-kesti-bazi-bolgelerde-dususler-var/ ; https://betam.bahcesehir.edu.tr/2023/01/sahibindex-kiralik-konut-piyasasi-gorunumu-ocak-2023/,Ortalama kira / kiralık m² fiyatı ile çapraz-kaynak ima edilen alan.
Türkiye,6,Ortalama kiralanan alan (ima edilen),m²,2023,109.058,Yıl sonu / rapor dönemi,Türetilmiş,S14;S22,https://www.gayrimenkulhaber.com/guncel/endeksa-acikladi-aralik-ayinda-kira-artisi-hiz-kesti-bazi-bolgelerde-dususler-var/ ; https://betam.bahcesehir.edu.tr/2024/01/sahibindex-kiralik-konut-piyasasi-gorunumu-ocak-2024/,Ortalama kira / kiralık m² fiyatı ile çapraz-kaynak ima edilen alan.
Türkiye,6,Ortalama kiralanan alan (ima edilen),m²,2024,104.9221,Yıl sonu / rapor dönemi,Türetilmiş,S15;S23,https://www.gayrimenkulhaber.com/guncel/endeksa-2024-yillik-gayrimenkul-deger-raporu-yayimlandi/ ; https://betam.bahcesehir.edu.tr/2026/01/sahibindex-kiralik-konut-piyasasi-gorunumu-ocak-2026/,Ortalama kira / kiralık m² fiyatı ile çapraz-kaynak ima edilen alan.
Türkiye,6,Ortalama kiralanan alan (ima edilen),m²,2025,104.1017,Yıl sonu / rapor dönemi,Türetilmiş,S16;S23,https://www.karar.com/ekonomi-haberleri/konut-satislari-ne-durumda-emlakta-en-cok-kazandiran-il-hangisi-2033220 ; https://betam.bahcesehir.edu.tr/2026/01/sahibindex-kiralik-konut-piyasasi-gorunumu-ocak-2026/,Ortalama kira / kiralık m² fiyatı ile çapraz-kaynak ima edilen alan.
Türkiye,6,Ortalama kiralanan alan (ima edilen),m²,2026,93.9259,Temmuz 2026 son gözlem,Türetilmiş,S17;S24,https://www.emlakjet.com/satilik-konut ; https://www.cnbce.com/gayrimenkul/konut-piyasasinda-temmuz-hareketliligi-kiralikta-talep-artti-kiralar-reel-olarak-dustu-g36014,Ortalama kira / kiralık m² fiyatı ile çapraz-kaynak ima edilen alan.
Türkiye,6,Ortalama kiralanan alan (ima edilen),m²,2027,93.9259,Tahmin,Tahmin,S17;S24;S28;S29;S24;S28;S29,https://www.emlakjet.com/satilik-konut ; https://www.cnbce.com/gayrimenkul/konut-piyasasinda-temmuz-hareketliligi-kiralikta-talep-artti-kiralar-reel-olarak-dustu-g36014 ; https://tcmb.gov.tr/wps/wcm/connect/tr/tcmb%2Btr/main%2Bmenu/duyurular/baskanin%2Bkonusmalari/2026/konusmab13_08_2026 ; https://www.aa.com.tr/tr/ekonomi/tcmb-baskani-karahan-2026-yil-sonu-enflasyon-tahminimizi-yuzde-28-olarak-yukari-yonlu-guncelledik/4025976 ; https://www.cnbce.com/gayrimenkul/konut-piyasasinda-temmuz-hareketliligi-kiralikta-talep-artti-kiralar-reel-olarak-dustu-g36014 ; https://tcmb.gov.tr/wps/wcm/connect/tr/tcmb%2Btr/main%2Bmenu/duyurular/baskanin%2Bkonusmalari/2026/konusmab13_08_2026 ; https://www.aa.com.tr/tr/ekonomi/tcmb-baskani-karahan-2026-yil-sonu-enflasyon-tahminimizi-yuzde-28-olarak-yukari-yonlu-guncelledik/4025976,Ortalama kira / kiralık m² fiyatı ile çapraz-kaynak ima edilen alan.
Türkiye,6,Ortalama kiralanan alan (ima edilen),m²,2028,93.9259,Tahmin,Tahmin,S17;S24;S28;S29;S24;S28;S29,https://www.emlakjet.com/satilik-konut ; https://www.cnbce.com/gayrimenkul/konut-piyasasinda-temmuz-hareketliligi-kiralikta-talep-artti-kiralar-reel-olarak-dustu-g36014 ; https://tcmb.gov.tr/wps/wcm/connect/tr/tcmb%2Btr/main%2Bmenu/duyurular/baskanin%2Bkonusmalari/2026/konusmab13_08_2026 ; https://www.aa.com.tr/tr/ekonomi/tcmb-baskani-karahan-2026-yil-sonu-enflasyon-tahminimizi-yuzde-28-olarak-yukari-yonlu-guncelledik/4025976 ; https://www.cnbce.com/gayrimenkul/konut-piyasasinda-temmuz-hareketliligi-kiralikta-talep-artti-kiralar-reel-olarak-dustu-g36014 ; https://tcmb.gov.tr/wps/wcm/connect/tr/tcmb%2Btr/main%2Bmenu/duyurular/baskanin%2Bkonusmalari/2026/konusmab13_08_2026 ; https://www.aa.com.tr/tr/ekonomi/tcmb-baskani-karahan-2026-yil-sonu-enflasyon-tahminimizi-yuzde-28-olarak-yukari-yonlu-guncelledik/4025976,Ortalama kira / kiralık m² fiyatı ile çapraz-kaynak ima edilen alan.
Türkiye,6,Ortalama kiralanan alan (ima edilen),m²,2029,93.9259,Tahmin,Tahmin,S17;S24;S28;S29;S24;S28;S29,https://www.emlakjet.com/satilik-konut ; https://www.cnbce.com/gayrimenkul/konut-piyasasinda-temmuz-hareketliligi-kiralikta-talep-artti-kiralar-reel-olarak-dustu-g36014 ; https://tcmb.gov.tr/wps/wcm/connect/tr/tcmb%2Btr/main%2Bmenu/duyurular/baskanin%2Bkonusmalari/2026/konusmab13_08_2026 ; https://www.aa.com.tr/tr/ekonomi/tcmb-baskani-karahan-2026-yil-sonu-enflasyon-tahminimizi-yuzde-28-olarak-yukari-yonlu-guncelledik/4025976 ; https://www.cnbce.com/gayrimenkul/konut-piyasasinda-temmuz-hareketliligi-kiralikta-talep-artti-kiralar-reel-olarak-dustu-g36014 ; https://tcmb.gov.tr/wps/wcm/connect/tr/tcmb%2Btr/main%2Bmenu/duyurular/baskanin%2Bkonusmalari/2026/konusmab13_08_2026 ; https://www.aa.com.tr/tr/ekonomi/tcmb-baskani-karahan-2026-yil-sonu-enflasyon-tahminimizi-yuzde-28-olarak-yukari-yonlu-guncelledik/4025976,Ortalama kira / kiralık m² fiyatı ile çapraz-kaynak ima edilen alan.
Türkiye,6,Ortalama kiralanan alan (ima edilen),m²,2030,93.9259,Tahmin,Tahmin,S17;S24;S28;S29;S24;S28;S29,https://www.emlakjet.com/satilik-konut ; https://www.cnbce.com/gayrimenkul/konut-piyasasinda-temmuz-hareketliligi-kiralikta-talep-artti-kiralar-reel-olarak-dustu-g36014 ; https://tcmb.gov.tr/wps/wcm/connect/tr/tcmb%2Btr/main%2Bmenu/duyurular/baskanin%2Bkonusmalari/2026/konusmab13_08_2026 ; https://www.aa.com.tr/tr/ekonomi/tcmb-baskani-karahan-2026-yil-sonu-enflasyon-tahminimizi-yuzde-28-olarak-yukari-yonlu-guncelledik/4025976 ; https://www.cnbce.com/gayrimenkul/konut-piyasasinda-temmuz-hareketliligi-kiralikta-talep-artti-kiralar-reel-olarak-dustu-g36014 ; https://tcmb.gov.tr/wps/wcm/connect/tr/tcmb%2Btr/main%2Bmenu/duyurular/baskanin%2Bkonusmalari/2026/konusmab13_08_2026 ; https://www.aa.com.tr/tr/ekonomi/tcmb-baskani-karahan-2026-yil-sonu-enflasyon-tahminimizi-yuzde-28-olarak-yukari-yonlu-guncelledik/4025976,Ortalama kira / kiralık m² fiyatı ile çapraz-kaynak ima edilen alan.
Türkiye,7,Ortalama kiralık m² fiyatı,TL/m²/ay,2022,71.0,Yıl sonu / rapor dönemi,Piyasa verisi,S21,https://betam.bahcesehir.edu.tr/2023/01/sahibindex-kiralik-konut-piyasasi-gorunumu-ocak-2023/,
Türkiye,7,Ortalama kiralık m² fiyatı,TL/m²/ay,2023,132.7,Yıl sonu / rapor dönemi,Piyasa verisi,S22,https://betam.bahcesehir.edu.tr/2024/01/sahibindex-kiralik-konut-piyasasi-gorunumu-ocak-2024/,
Türkiye,7,Ortalama kiralık m² fiyatı,TL/m²/ay,2024,190.6177,Yıl sonu / rapor dönemi,Türetilmiş / geriye hesap,S23,https://betam.bahcesehir.edu.tr/2026/01/sahibindex-kiralik-konut-piyasasi-gorunumu-ocak-2026/,
Türkiye,7,Ortalama kiralık m² fiyatı,TL/m²/ay,2025,243.8,Yıl sonu / rapor dönemi,Piyasa verisi,S23,https://betam.bahcesehir.edu.tr/2026/01/sahibindex-kiralik-konut-piyasasi-gorunumu-ocak-2026/,
Türkiye,7,Ortalama kiralık m² fiyatı,TL/m²/ay,2026,294.2,Temmuz 2026 son gözlem,Son piyasa gözlemi,S24,https://www.cnbce.com/gayrimenkul/konut-piyasasinda-temmuz-hareketliligi-kiralikta-talep-artti-kiralar-reel-olarak-dustu-g36014,
Türkiye,7,Ortalama kiralık m² fiyatı,TL/m²/ay,2027,338.33,Tahmin,Tahmin,S24;S28;S29,https://www.cnbce.com/gayrimenkul/konut-piyasasinda-temmuz-hareketliligi-kiralikta-talep-artti-kiralar-reel-olarak-dustu-g36014 ; https://tcmb.gov.tr/wps/wcm/connect/tr/tcmb%2Btr/main%2Bmenu/duyurular/baskanin%2Bkonusmalari/2026/konusmab13_08_2026 ; https://www.aa.com.tr/tr/ekonomi/tcmb-baskani-karahan-2026-yil-sonu-enflasyon-tahminimizi-yuzde-28-olarak-yukari-yonlu-guncelledik/4025976,"Nominal fiyat patikası: 2027 %15, 2028 %9, 2029 %6, 2030 %5."
Türkiye,7,Ortalama kiralık m² fiyatı,TL/m²/ay,2028,368.7797,Tahmin,Tahmin,S24;S28;S29,https://www.cnbce.com/gayrimenkul/konut-piyasasinda-temmuz-hareketliligi-kiralikta-talep-artti-kiralar-reel-olarak-dustu-g36014 ; https://tcmb.gov.tr/wps/wcm/connect/tr/tcmb%2Btr/main%2Bmenu/duyurular/baskanin%2Bkonusmalari/2026/konusmab13_08_2026 ; https://www.aa.com.tr/tr/ekonomi/tcmb-baskani-karahan-2026-yil-sonu-enflasyon-tahminimizi-yuzde-28-olarak-yukari-yonlu-guncelledik/4025976,"Nominal fiyat patikası: 2027 %15, 2028 %9, 2029 %6, 2030 %5."
Türkiye,7,Ortalama kiralık m² fiyatı,TL/m²/ay,2029,390.9065,Tahmin,Tahmin,S24;S28;S29,https://www.cnbce.com/gayrimenkul/konut-piyasasinda-temmuz-hareketliligi-kiralikta-talep-artti-kiralar-reel-olarak-dustu-g36014 ; https://tcmb.gov.tr/wps/wcm/connect/tr/tcmb%2Btr/main%2Bmenu/duyurular/baskanin%2Bkonusmalari/2026/konusmab13_08_2026 ; https://www.aa.com.tr/tr/ekonomi/tcmb-baskani-karahan-2026-yil-sonu-enflasyon-tahminimizi-yuzde-28-olarak-yukari-yonlu-guncelledik/4025976,"Nominal fiyat patikası: 2027 %15, 2028 %9, 2029 %6, 2030 %5."
Türkiye,7,Ortalama kiralık m² fiyatı,TL/m²/ay,2030,410.4518,Tahmin,Tahmin,S24;S28;S29,https://www.cnbce.com/gayrimenkul/konut-piyasasinda-temmuz-hareketliligi-kiralikta-talep-artti-kiralar-reel-olarak-dustu-g36014 ; https://tcmb.gov.tr/wps/wcm/connect/tr/tcmb%2Btr/main%2Bmenu/duyurular/baskanin%2Bkonusmalari/2026/konusmab13_08_2026 ; https://www.aa.com.tr/tr/ekonomi/tcmb-baskani-karahan-2026-yil-sonu-enflasyon-tahminimizi-yuzde-28-olarak-yukari-yonlu-guncelledik/4025976,"Nominal fiyat patikası: 2027 %15, 2028 %9, 2029 %6, 2030 %5."
Türkiye,8,Ortalama kira fiyatı,TL/ay,2022,6924.4019,Yıl sonu / rapor dönemi,Türetilmiş / geriye hesap,S14,https://www.gayrimenkulhaber.com/guncel/endeksa-acikladi-aralik-ayinda-kira-artisi-hiz-kesti-bazi-bolgelerde-dususler-var/,
Türkiye,8,Ortalama kira fiyatı,TL/ay,2023,14472.0,Yıl sonu / rapor dönemi,Piyasa verisi,S14,https://www.gayrimenkulhaber.com/guncel/endeksa-acikladi-aralik-ayinda-kira-artisi-hiz-kesti-bazi-bolgelerde-dususler-var/,
Türkiye,8,Ortalama kira fiyatı,TL/ay,2024,20000.0,Yıl sonu / rapor dönemi,Piyasa verisi,S15,https://www.gayrimenkulhaber.com/guncel/endeksa-2024-yillik-gayrimenkul-deger-raporu-yayimlandi/,
Türkiye,8,Ortalama kira fiyatı,TL/ay,2025,25380.0,Yıl sonu / rapor dönemi,Piyasa verisi,S16,https://www.karar.com/ekonomi-haberleri/konut-satislari-ne-durumda-emlakta-en-cok-kazandiran-il-hangisi-2033220,
Türkiye,8,Ortalama kira fiyatı,TL/ay,2026,27633.0,Temmuz 2026 son gözlem,Son piyasa gözlemi,S17,https://www.emlakjet.com/satilik-konut,
Türkiye,8,Ortalama kira fiyatı,TL/ay,2027,31777.95,Tahmin,Tahmin,S17;S24;S28;S29,https://www.emlakjet.com/satilik-konut ; https://www.cnbce.com/gayrimenkul/konut-piyasasinda-temmuz-hareketliligi-kiralikta-talep-artti-kiralar-reel-olarak-dustu-g36014 ; https://tcmb.gov.tr/wps/wcm/connect/tr/tcmb%2Btr/main%2Bmenu/duyurular/baskanin%2Bkonusmalari/2026/konusmab13_08_2026 ; https://www.aa.com.tr/tr/ekonomi/tcmb-baskani-karahan-2026-yil-sonu-enflasyon-tahminimizi-yuzde-28-olarak-yukari-yonlu-guncelledik/4025976,
Türkiye,8,Ortalama kira fiyatı,TL/ay,2028,34637.9655,Tahmin,Tahmin,S17;S24;S28;S29,https://www.emlakjet.com/satilik-konut ; https://www.cnbce.com/gayrimenkul/konut-piyasasinda-temmuz-hareketliligi-kiralikta-talep-artti-kiralar-reel-olarak-dustu-g36014 ; https://tcmb.gov.tr/wps/wcm/connect/tr/tcmb%2Btr/main%2Bmenu/duyurular/baskanin%2Bkonusmalari/2026/konusmab13_08_2026 ; https://www.aa.com.tr/tr/ekonomi/tcmb-baskani-karahan-2026-yil-sonu-enflasyon-tahminimizi-yuzde-28-olarak-yukari-yonlu-guncelledik/4025976,
Türkiye,8,Ortalama kira fiyatı,TL/ay,2029,36716.2434,Tahmin,Tahmin,S17;S24;S28;S29,https://www.emlakjet.com/satilik-konut ; https://www.cnbce.com/gayrimenkul/konut-piyasasinda-temmuz-hareketliligi-kiralikta-talep-artti-kiralar-reel-olarak-dustu-g36014 ; https://tcmb.gov.tr/wps/wcm/connect/tr/tcmb%2Btr/main%2Bmenu/duyurular/baskanin%2Bkonusmalari/2026/konusmab13_08_2026 ; https://www.aa.com.tr/tr/ekonomi/tcmb-baskani-karahan-2026-yil-sonu-enflasyon-tahminimizi-yuzde-28-olarak-yukari-yonlu-guncelledik/4025976,
Türkiye,8,Ortalama kira fiyatı,TL/ay,2030,38552.0556,Tahmin,Tahmin,S17;S24;S28;S29,https://www.emlakjet.com/satilik-konut ; https://www.cnbce.com/gayrimenkul/konut-piyasasinda-temmuz-hareketliligi-kiralikta-talep-artti-kiralar-reel-olarak-dustu-g36014 ; https://tcmb.gov.tr/wps/wcm/connect/tr/tcmb%2Btr/main%2Bmenu/duyurular/baskanin%2Bkonusmalari/2026/konusmab13_08_2026 ; https://www.aa.com.tr/tr/ekonomi/tcmb-baskani-karahan-2026-yil-sonu-enflasyon-tahminimizi-yuzde-28-olarak-yukari-yonlu-guncelledik/4025976,
İstanbul,1,Satılan ev sayısı,adet,2022,259654.0,Tam yıl,Resmî gerçekleşen,S01,https://veriportali.tuik.gov.tr/Bulten/Index?dil=1&p=Konut-Satis-Istatistikleri-Aralik-2022-49526,
İstanbul,1,Satılan ev sayısı,adet,2023,198739.0,Tam yıl,Resmî gerçekleşen,S02,https://veriportali.tuik.gov.tr/tr/press/49516,
İstanbul,1,Satılan ev sayısı,adet,2024,239213.0,Tam yıl,Resmî gerçekleşen,S03,https://veriportali.tuik.gov.tr/tr/press/54146,
İstanbul,1,Satılan ev sayısı,adet,2025,280262.0,Tam yıl,Resmî gerçekleşen,S04,https://veriportali.tuik.gov.tr/tr/press/58350,
İstanbul,1,Satılan ev sayısı,adet,2026,264926.1825,2026E,2026E yıllık tahmin,S04;S05,https://veriportali.tuik.gov.tr/tr/press/58350 ; https://veriportali.tuik.gov.tr/tr/press/58339,
İstanbul,1,Satılan ev sayısı,adet,2027,268242.7884,Tahmin,Tahmin,S05;S28;S29,https://veriportali.tuik.gov.tr/tr/press/58339 ; https://tcmb.gov.tr/wps/wcm/connect/tr/tcmb%2Btr/main%2Bmenu/duyurular/baskanin%2Bkonusmalari/2026/konusmab13_08_2026 ; https://www.aa.com.tr/tr/ekonomi/tcmb-baskani-karahan-2026-yil-sonu-enflasyon-tahminimizi-yuzde-28-olarak-yukari-yonlu-guncelledik/4025976,2022-2026 CAGR ile %2 uzun dönem işlem büyümesi harmanlanmıştır.
İstanbul,1,Satılan ev sayısı,adet,2028,272202.9335,Tahmin,Tahmin,S05;S28;S29,https://veriportali.tuik.gov.tr/tr/press/58339 ; https://tcmb.gov.tr/wps/wcm/connect/tr/tcmb%2Btr/main%2Bmenu/duyurular/baskanin%2Bkonusmalari/2026/konusmab13_08_2026 ; https://www.aa.com.tr/tr/ekonomi/tcmb-baskani-karahan-2026-yil-sonu-enflasyon-tahminimizi-yuzde-28-olarak-yukari-yonlu-guncelledik/4025976,2022-2026 CAGR ile %2 uzun dönem işlem büyümesi harmanlanmıştır.
İstanbul,1,Satılan ev sayısı,adet,2029,276832.4501,Tahmin,Tahmin,S05;S28;S29,https://veriportali.tuik.gov.tr/tr/press/58339 ; https://tcmb.gov.tr/wps/wcm/connect/tr/tcmb%2Btr/main%2Bmenu/duyurular/baskanin%2Bkonusmalari/2026/konusmab13_08_2026 ; https://www.aa.com.tr/tr/ekonomi/tcmb-baskani-karahan-2026-yil-sonu-enflasyon-tahminimizi-yuzde-28-olarak-yukari-yonlu-guncelledik/4025976,2022-2026 CAGR ile %2 uzun dönem işlem büyümesi harmanlanmıştır.
İstanbul,1,Satılan ev sayısı,adet,2030,282369.0991,Tahmin,Tahmin,S05;S28;S29,https://veriportali.tuik.gov.tr/tr/press/58339 ; https://tcmb.gov.tr/wps/wcm/connect/tr/tcmb%2Btr/main%2Bmenu/duyurular/baskanin%2Bkonusmalari/2026/konusmab13_08_2026 ; https://www.aa.com.tr/tr/ekonomi/tcmb-baskani-karahan-2026-yil-sonu-enflasyon-tahminimizi-yuzde-28-olarak-yukari-yonlu-guncelledik/4025976,2022-2026 CAGR ile %2 uzun dönem işlem büyümesi harmanlanmıştır.
İstanbul,2,Ortalama satılık konut alanı,m²,2022,120.0,Yıl sonu / rapor dönemi,Türetilmiş,S06,https://www.emlakdream.com/turkiyede-ortalama-bir-ev-fiyati-1-8-milyon-tlye-yukseldi/,
İstanbul,2,Ortalama satılık konut alanı,m²,2023,115.0,Yıl sonu / rapor dönemi,Türetilmiş,S07,https://www.gayrimenkulhaber.com/emlak-haberleri/turkiyede-ortalama-konut-fiyati-3-milyon-92-bin-700-tl-oldu/,
İstanbul,2,Ortalama satılık konut alanı,m²,2024,113.9537,Yıl sonu / rapor dönemi,Türetilmiş,S08,https://www.gayrimenkulhaber.com/guncel/endeksa-2024-yillik-gayrimenkul-deger-raporu-yayimlandi/,
İstanbul,2,Ortalama satılık konut alanı,m²,2025,114.0408,Yıl sonu / rapor dönemi,Türetilmiş,S09;S16,https://www.dunya.com/ekonomik-veriler/endeksa-konut-satis-fiyatlari-aralik-ayinda-yuzde-272-artti-haberi-812021 ; https://www.karar.com/ekonomi-haberleri/konut-satislari-ne-durumda-emlakta-en-cok-kazandiran-il-hangisi-2033220,
İstanbul,2,Ortalama satılık konut alanı,m²,2026,110.0,Temmuz 2026 son gözlem,Türetilmiş,S11,https://www.emlakjet.com/emlak-piyasasi/satilik-konut/istanbul,
İstanbul,2,Ortalama satılık konut alanı,m²,2027,110.0,Tahmin,Tahmin,S11;S28;S29,https://www.emlakjet.com/emlak-piyasasi/satilik-konut/istanbul ; https://tcmb.gov.tr/wps/wcm/connect/tr/tcmb%2Btr/main%2Bmenu/duyurular/baskanin%2Bkonusmalari/2026/konusmab13_08_2026 ; https://www.aa.com.tr/tr/ekonomi/tcmb-baskani-karahan-2026-yil-sonu-enflasyon-tahminimizi-yuzde-28-olarak-yukari-yonlu-guncelledik/4025976,2026 alanı sabit tutulmuştur.
İstanbul,2,Ortalama satılık konut alanı,m²,2028,110.0,Tahmin,Tahmin,S11;S28;S29,https://www.emlakjet.com/emlak-piyasasi/satilik-konut/istanbul ; https://tcmb.gov.tr/wps/wcm/connect/tr/tcmb%2Btr/main%2Bmenu/duyurular/baskanin%2Bkonusmalari/2026/konusmab13_08_2026 ; https://www.aa.com.tr/tr/ekonomi/tcmb-baskani-karahan-2026-yil-sonu-enflasyon-tahminimizi-yuzde-28-olarak-yukari-yonlu-guncelledik/4025976,2026 alanı sabit tutulmuştur.
İstanbul,2,Ortalama satılık konut alanı,m²,2029,110.0,Tahmin,Tahmin,S11;S28;S29,https://www.emlakjet.com/emlak-piyasasi/satilik-konut/istanbul ; https://tcmb.gov.tr/wps/wcm/connect/tr/tcmb%2Btr/main%2Bmenu/duyurular/baskanin%2Bkonusmalari/2026/konusmab13_08_2026 ; https://www.aa.com.tr/tr/ekonomi/tcmb-baskani-karahan-2026-yil-sonu-enflasyon-tahminimizi-yuzde-28-olarak-yukari-yonlu-guncelledik/4025976,2026 alanı sabit tutulmuştur.
İstanbul,2,Ortalama satılık konut alanı,m²,2030,110.0,Tahmin,Tahmin,S11;S28;S29,https://www.emlakjet.com/emlak-piyasasi/satilik-konut/istanbul ; https://tcmb.gov.tr/wps/wcm/connect/tr/tcmb%2Btr/main%2Bmenu/duyurular/baskanin%2Bkonusmalari/2026/konusmab13_08_2026 ; https://www.aa.com.tr/tr/ekonomi/tcmb-baskani-karahan-2026-yil-sonu-enflasyon-tahminimizi-yuzde-28-olarak-yukari-yonlu-guncelledik/4025976,2026 alanı sabit tutulmuştur.
İstanbul,3,Ortalama satılık m² fiyatı,TL/m²,2022,23062.0,Yıl sonu / rapor dönemi,Piyasa verisi,S06,https://www.emlakdream.com/turkiyede-ortalama-bir-ev-fiyati-1-8-milyon-tlye-yukseldi/,
İstanbul,3,Ortalama satılık m² fiyatı,TL/m²,2023,36262.0,Yıl sonu / rapor dönemi,Piyasa verisi,S07,https://www.gayrimenkulhaber.com/emlak-haberleri/turkiyede-ortalama-konut-fiyati-3-milyon-92-bin-700-tl-oldu/,
İstanbul,3,Ortalama satılık m² fiyatı,TL/m²,2024,44755.0,Yıl sonu / rapor dönemi,Piyasa verisi,S08,https://www.gayrimenkulhaber.com/guncel/endeksa-2024-yillik-gayrimenkul-deger-raporu-yayimlandi/,
İstanbul,3,Ortalama satılık m² fiyatı,TL/m²,2025,57874.0,Yıl sonu / rapor dönemi,Piyasa verisi,S09;S16,https://www.dunya.com/ekonomik-veriler/endeksa-konut-satis-fiyatlari-aralik-ayinda-yuzde-272-artti-haberi-812021 ; https://www.karar.com/ekonomi-haberleri/konut-satislari-ne-durumda-emlakta-en-cok-kazandiran-il-hangisi-2033220,
İstanbul,3,Ortalama satılık m² fiyatı,TL/m²,2026,65078.0,Temmuz 2026 son gözlem,Son piyasa gözlemi,S11,https://www.emlakjet.com/emlak-piyasasi/satilik-konut/istanbul,
İstanbul,3,Ortalama satılık m² fiyatı,TL/m²,2027,74839.7,Tahmin,Tahmin,S11;S28;S29,https://www.emlakjet.com/emlak-piyasasi/satilik-konut/istanbul ; https://tcmb.gov.tr/wps/wcm/connect/tr/tcmb%2Btr/main%2Bmenu/duyurular/baskanin%2Bkonusmalari/2026/konusmab13_08_2026 ; https://www.aa.com.tr/tr/ekonomi/tcmb-baskani-karahan-2026-yil-sonu-enflasyon-tahminimizi-yuzde-28-olarak-yukari-yonlu-guncelledik/4025976,"Nominal fiyat patikası: 2027 %15, 2028 %9, 2029 %6, 2030 %5."
İstanbul,3,Ortalama satılık m² fiyatı,TL/m²,2028,81575.273,Tahmin,Tahmin,S11;S28;S29,https://www.emlakjet.com/emlak-piyasasi/satilik-konut/istanbul ; https://tcmb.gov.tr/wps/wcm/connect/tr/tcmb%2Btr/main%2Bmenu/duyurular/baskanin%2Bkonusmalari/2026/konusmab13_08_2026 ; https://www.aa.com.tr/tr/ekonomi/tcmb-baskani-karahan-2026-yil-sonu-enflasyon-tahminimizi-yuzde-28-olarak-yukari-yonlu-guncelledik/4025976,"Nominal fiyat patikası: 2027 %15, 2028 %9, 2029 %6, 2030 %5."
İstanbul,3,Ortalama satılık m² fiyatı,TL/m²,2029,86469.7894,Tahmin,Tahmin,S11;S28;S29,https://www.emlakjet.com/emlak-piyasasi/satilik-konut/istanbul ; https://tcmb.gov.tr/wps/wcm/connect/tr/tcmb%2Btr/main%2Bmenu/duyurular/baskanin%2Bkonusmalari/2026/konusmab13_08_2026 ; https://www.aa.com.tr/tr/ekonomi/tcmb-baskani-karahan-2026-yil-sonu-enflasyon-tahminimizi-yuzde-28-olarak-yukari-yonlu-guncelledik/4025976,"Nominal fiyat patikası: 2027 %15, 2028 %9, 2029 %6, 2030 %5."
İstanbul,3,Ortalama satılık m² fiyatı,TL/m²,2030,90793.2788,Tahmin,Tahmin,S11;S28;S29,https://www.emlakjet.com/emlak-piyasasi/satilik-konut/istanbul ; https://tcmb.gov.tr/wps/wcm/connect/tr/tcmb%2Btr/main%2Bmenu/duyurular/baskanin%2Bkonusmalari/2026/konusmab13_08_2026 ; https://www.aa.com.tr/tr/ekonomi/tcmb-baskani-karahan-2026-yil-sonu-enflasyon-tahminimizi-yuzde-28-olarak-yukari-yonlu-guncelledik/4025976,"Nominal fiyat patikası: 2027 %15, 2028 %9, 2029 %6, 2030 %5."
İstanbul,4,Ortalama ev fiyatı,TL,2022,2767440.0,Yıl sonu / rapor dönemi,Piyasa verisi,S06,https://www.emlakdream.com/turkiyede-ortalama-bir-ev-fiyati-1-8-milyon-tlye-yukseldi/,
İstanbul,4,Ortalama ev fiyatı,TL,2023,4170130.0,Yıl sonu / rapor dönemi,Piyasa verisi,S07,https://www.gayrimenkulhaber.com/emlak-haberleri/turkiyede-ortalama-konut-fiyati-3-milyon-92-bin-700-tl-oldu/,
İstanbul,4,Ortalama ev fiyatı,TL,2024,5100000.0,Yıl sonu / rapor dönemi,Piyasa verisi,S08,https://www.gayrimenkulhaber.com/guncel/endeksa-2024-yillik-gayrimenkul-deger-raporu-yayimlandi/,
İstanbul,4,Ortalama ev fiyatı,TL,2025,6600000.0,Yıl sonu / rapor dönemi,Piyasa verisi,S09;S16,https://www.dunya.com/ekonomik-veriler/endeksa-konut-satis-fiyatlari-aralik-ayinda-yuzde-272-artti-haberi-812021 ; https://www.karar.com/ekonomi-haberleri/konut-satislari-ne-durumda-emlakta-en-cok-kazandiran-il-hangisi-2033220,
İstanbul,4,Ortalama ev fiyatı,TL,2026,7158580.0,Temmuz 2026 son gözlem,Son piyasa gözlemi,S11,https://www.emlakjet.com/emlak-piyasasi/satilik-konut/istanbul,
İstanbul,4,Ortalama ev fiyatı,TL,2027,8232367.0,Tahmin,Tahmin,S11;S28;S29,https://www.emlakjet.com/emlak-piyasasi/satilik-konut/istanbul ; https://tcmb.gov.tr/wps/wcm/connect/tr/tcmb%2Btr/main%2Bmenu/duyurular/baskanin%2Bkonusmalari/2026/konusmab13_08_2026 ; https://www.aa.com.tr/tr/ekonomi/tcmb-baskani-karahan-2026-yil-sonu-enflasyon-tahminimizi-yuzde-28-olarak-yukari-yonlu-guncelledik/4025976,
İstanbul,4,Ortalama ev fiyatı,TL,2028,8973280.03,Tahmin,Tahmin,S11;S28;S29,https://www.emlakjet.com/emlak-piyasasi/satilik-konut/istanbul ; https://tcmb.gov.tr/wps/wcm/connect/tr/tcmb%2Btr/main%2Bmenu/duyurular/baskanin%2Bkonusmalari/2026/konusmab13_08_2026 ; https://www.aa.com.tr/tr/ekonomi/tcmb-baskani-karahan-2026-yil-sonu-enflasyon-tahminimizi-yuzde-28-olarak-yukari-yonlu-guncelledik/4025976,
İstanbul,4,Ortalama ev fiyatı,TL,2029,9511676.8318,Tahmin,Tahmin,S11;S28;S29,https://www.emlakjet.com/emlak-piyasasi/satilik-konut/istanbul ; https://tcmb.gov.tr/wps/wcm/connect/tr/tcmb%2Btr/main%2Bmenu/duyurular/baskanin%2Bkonusmalari/2026/konusmab13_08_2026 ; https://www.aa.com.tr/tr/ekonomi/tcmb-baskani-karahan-2026-yil-sonu-enflasyon-tahminimizi-yuzde-28-olarak-yukari-yonlu-guncelledik/4025976,
İstanbul,4,Ortalama ev fiyatı,TL,2030,9987260.6734,Tahmin,Tahmin,S11;S28;S29,https://www.emlakjet.com/emlak-piyasasi/satilik-konut/istanbul ; https://tcmb.gov.tr/wps/wcm/connect/tr/tcmb%2Btr/main%2Bmenu/duyurular/baskanin%2Bkonusmalari/2026/konusmab13_08_2026 ; https://www.aa.com.tr/tr/ekonomi/tcmb-baskani-karahan-2026-yil-sonu-enflasyon-tahminimizi-yuzde-28-olarak-yukari-yonlu-guncelledik/4025976,
İstanbul,5,Kiralanan ev sayısı (platform proxy),adet/yıl,2022,140944.608,Tam yıl,Platform proxy / yıllıklandırılmış,S26,https://www.dunya.com/sektorler/emlak/satilik-konut-fiyatlarindaki-artis-hizi-dusmeye-devam-ediyor-haberi-683075,Resmî kira sözleşmesi adedi değildir; sahibindex/BETAM platform göstergesi yıllık proxy.
İstanbul,5,Kiralanan ev sayısı (platform proxy),adet/yıl,2023,155616.0,Tam yıl,Platform proxy / yıllıklandırılmış,S27,https://image5.sahibinden.com/staticContent/969bb478/2309/451b/af82/d321e8a0a74d/1706003743.pdf,Resmî kira sözleşmesi adedi değildir; sahibindex/BETAM platform göstergesi yıllık proxy.
İstanbul,5,Kiralanan ev sayısı (platform proxy),adet/yıl,2024,160284.48,Tam yıl,Model/Proxy,S27;Model,https://image5.sahibinden.com/staticContent/969bb478/2309/451b/af82/d321e8a0a74d/1706003743.pdf,Resmî kira sözleşmesi adedi değildir; sahibindex/BETAM platform göstergesi yıllık proxy.
İstanbul,5,Kiralanan ev sayısı (platform proxy),adet/yıl,2025,165093.0144,Tam yıl,Model/Proxy,S27;Model,https://image5.sahibinden.com/staticContent/969bb478/2309/451b/af82/d321e8a0a74d/1706003743.pdf,Resmî kira sözleşmesi adedi değildir; sahibindex/BETAM platform göstergesi yıllık proxy.
İstanbul,5,Kiralanan ev sayısı (platform proxy),adet/yıl,2026,170045.8048,2026E,Model/Proxy,S27;Model,https://image5.sahibinden.com/staticContent/969bb478/2309/451b/af82/d321e8a0a74d/1706003743.pdf,Resmî kira sözleşmesi adedi değildir; sahibindex/BETAM platform göstergesi yıllık proxy.
İstanbul,5,Kiralanan ev sayısı (platform proxy),adet/yıl,2027,175831.072,Tahmin,Tahmin,S27;S28;S29;Model,https://image5.sahibinden.com/staticContent/969bb478/2309/451b/af82/d321e8a0a74d/1706003743.pdf ; https://tcmb.gov.tr/wps/wcm/connect/tr/tcmb%2Btr/main%2Bmenu/duyurular/baskanin%2Bkonusmalari/2026/konusmab13_08_2026 ; https://www.aa.com.tr/tr/ekonomi/tcmb-baskani-karahan-2026-yil-sonu-enflasyon-tahminimizi-yuzde-28-olarak-yukari-yonlu-guncelledik/4025976,Resmî kira sözleşmesi adedi değildir; sahibindex/BETAM platform göstergesi yıllık proxy.
İstanbul,5,Kiralanan ev sayısı (platform proxy),adet/yıl,2028,181073.5232,Tahmin,Tahmin,S27;S28;S29;Model,https://image5.sahibinden.com/staticContent/969bb478/2309/451b/af82/d321e8a0a74d/1706003743.pdf ; https://tcmb.gov.tr/wps/wcm/connect/tr/tcmb%2Btr/main%2Bmenu/duyurular/baskanin%2Bkonusmalari/2026/konusmab13_08_2026 ; https://www.aa.com.tr/tr/ekonomi/tcmb-baskani-karahan-2026-yil-sonu-enflasyon-tahminimizi-yuzde-28-olarak-yukari-yonlu-guncelledik/4025976,Resmî kira sözleşmesi adedi değildir; sahibindex/BETAM platform göstergesi yıllık proxy.
İstanbul,5,Kiralanan ev sayısı (platform proxy),adet/yıl,2029,185710.5855,Tahmin,Tahmin,S27;S28;S29;Model,https://image5.sahibinden.com/staticContent/969bb478/2309/451b/af82/d321e8a0a74d/1706003743.pdf ; https://tcmb.gov.tr/wps/wcm/connect/tr/tcmb%2Btr/main%2Bmenu/duyurular/baskanin%2Bkonusmalari/2026/konusmab13_08_2026 ; https://www.aa.com.tr/tr/ekonomi/tcmb-baskani-karahan-2026-yil-sonu-enflasyon-tahminimizi-yuzde-28-olarak-yukari-yonlu-guncelledik/4025976,Resmî kira sözleşmesi adedi değildir; sahibindex/BETAM platform göstergesi yıllık proxy.
İstanbul,5,Kiralanan ev sayısı (platform proxy),adet/yıl,2030,189424.7972,Tahmin,Tahmin,S27;S28;S29;Model,https://image5.sahibinden.com/staticContent/969bb478/2309/451b/af82/d321e8a0a74d/1706003743.pdf ; https://tcmb.gov.tr/wps/wcm/connect/tr/tcmb%2Btr/main%2Bmenu/duyurular/baskanin%2Bkonusmalari/2026/konusmab13_08_2026 ; https://www.aa.com.tr/tr/ekonomi/tcmb-baskani-karahan-2026-yil-sonu-enflasyon-tahminimizi-yuzde-28-olarak-yukari-yonlu-guncelledik/4025976,Resmî kira sözleşmesi adedi değildir; sahibindex/BETAM platform göstergesi yıllık proxy.
İstanbul,6,Ortalama kiralanan alan (ima edilen),m²,2022,98.8427,Yıl sonu / rapor dönemi,Türetilmiş,S14;S21,https://www.gayrimenkulhaber.com/guncel/endeksa-acikladi-aralik-ayinda-kira-artisi-hiz-kesti-bazi-bolgelerde-dususler-var/ ; https://betam.bahcesehir.edu.tr/2023/01/sahibindex-kiralik-konut-piyasasi-gorunumu-ocak-2023/,Ortalama kira / kiralık m² fiyatı ile çapraz-kaynak ima edilen alan.
İstanbul,6,Ortalama kiralanan alan (ima edilen),m²,2023,101.5234,Yıl sonu / rapor dönemi,Türetilmiş,S14;S22,https://www.gayrimenkulhaber.com/guncel/endeksa-acikladi-aralik-ayinda-kira-artisi-hiz-kesti-bazi-bolgelerde-dususler-var/ ; https://betam.bahcesehir.edu.tr/2024/01/sahibindex-kiralik-konut-piyasasi-gorunumu-ocak-2024/,Ortalama kira / kiralık m² fiyatı ile çapraz-kaynak ima edilen alan.
İstanbul,6,Ortalama kiralanan alan (ima edilen),m²,2024,99.5042,Yıl sonu / rapor dönemi,Türetilmiş,S15;S23,https://www.gayrimenkulhaber.com/guncel/endeksa-2024-yillik-gayrimenkul-deger-raporu-yayimlandi/ ; https://betam.bahcesehir.edu.tr/2026/01/sahibindex-kiralik-konut-piyasasi-gorunumu-ocak-2026/,Ortalama kira / kiralık m² fiyatı ile çapraz-kaynak ima edilen alan.
İstanbul,6,Ortalama kiralanan alan (ima edilen),m²,2025,97.1925,Yıl sonu / rapor dönemi,Türetilmiş,S16;S23,https://www.karar.com/ekonomi-haberleri/konut-satislari-ne-durumda-emlakta-en-cok-kazandiran-il-hangisi-2033220 ; https://betam.bahcesehir.edu.tr/2026/01/sahibindex-kiralik-konut-piyasasi-gorunumu-ocak-2026/,Ortalama kira / kiralık m² fiyatı ile çapraz-kaynak ima edilen alan.
İstanbul,6,Ortalama kiralanan alan (ima edilen),m²,2026,97.7262,Temmuz 2026 son gözlem,Türetilmiş,S18;S24,https://www.emlakjet.com/satilik-konut/istanbul ; https://www.cnbce.com/gayrimenkul/konut-piyasasinda-temmuz-hareketliligi-kiralikta-talep-artti-kiralar-reel-olarak-dustu-g36014,Ortalama kira / kiralık m² fiyatı ile çapraz-kaynak ima edilen alan.
İstanbul,6,Ortalama kiralanan alan (ima edilen),m²,2027,97.7262,Tahmin,Tahmin,S18;S24;S28;S29;S24;S28;S29,https://www.emlakjet.com/satilik-konut/istanbul ; https://www.cnbce.com/gayrimenkul/konut-piyasasinda-temmuz-hareketliligi-kiralikta-talep-artti-kiralar-reel-olarak-dustu-g36014 ; https://tcmb.gov.tr/wps/wcm/connect/tr/tcmb%2Btr/main%2Bmenu/duyurular/baskanin%2Bkonusmalari/2026/konusmab13_08_2026 ; https://www.aa.com.tr/tr/ekonomi/tcmb-baskani-karahan-2026-yil-sonu-enflasyon-tahminimizi-yuzde-28-olarak-yukari-yonlu-guncelledik/4025976 ; https://www.cnbce.com/gayrimenkul/konut-piyasasinda-temmuz-hareketliligi-kiralikta-talep-artti-kiralar-reel-olarak-dustu-g36014 ; https://tcmb.gov.tr/wps/wcm/connect/tr/tcmb%2Btr/main%2Bmenu/duyurular/baskanin%2Bkonusmalari/2026/konusmab13_08_2026 ; https://www.aa.com.tr/tr/ekonomi/tcmb-baskani-karahan-2026-yil-sonu-enflasyon-tahminimizi-yuzde-28-olarak-yukari-yonlu-guncelledik/4025976,Ortalama kira / kiralık m² fiyatı ile çapraz-kaynak ima edilen alan.
İstanbul,6,Ortalama kiralanan alan (ima edilen),m²,2028,97.7262,Tahmin,Tahmin,S18;S24;S28;S29;S24;S28;S29,https://www.emlakjet.com/satilik-konut/istanbul ; https://www.cnbce.com/gayrimenkul/konut-piyasasinda-temmuz-hareketliligi-kiralikta-talep-artti-kiralar-reel-olarak-dustu-g36014 ; https://tcmb.gov.tr/wps/wcm/connect/tr/tcmb%2Btr/main%2Bmenu/duyurular/baskanin%2Bkonusmalari/2026/konusmab13_08_2026 ; https://www.aa.com.tr/tr/ekonomi/tcmb-baskani-karahan-2026-yil-sonu-enflasyon-tahminimizi-yuzde-28-olarak-yukari-yonlu-guncelledik/4025976 ; https://www.cnbce.com/gayrimenkul/konut-piyasasinda-temmuz-hareketliligi-kiralikta-talep-artti-kiralar-reel-olarak-dustu-g36014 ; https://tcmb.gov.tr/wps/wcm/connect/tr/tcmb%2Btr/main%2Bmenu/duyurular/baskanin%2Bkonusmalari/2026/konusmab13_08_2026 ; https://www.aa.com.tr/tr/ekonomi/tcmb-baskani-karahan-2026-yil-sonu-enflasyon-tahminimizi-yuzde-28-olarak-yukari-yonlu-guncelledik/4025976,Ortalama kira / kiralık m² fiyatı ile çapraz-kaynak ima edilen alan.
İstanbul,6,Ortalama kiralanan alan (ima edilen),m²,2029,97.7262,Tahmin,Tahmin,S18;S24;S28;S29;S24;S28;S29,https://www.emlakjet.com/satilik-konut/istanbul ; https://www.cnbce.com/gayrimenkul/konut-piyasasinda-temmuz-hareketliligi-kiralikta-talep-artti-kiralar-reel-olarak-dustu-g36014 ; https://tcmb.gov.tr/wps/wcm/connect/tr/tcmb%2Btr/main%2Bmenu/duyurular/baskanin%2Bkonusmalari/2026/konusmab13_08_2026 ; https://www.aa.com.tr/tr/ekonomi/tcmb-baskani-karahan-2026-yil-sonu-enflasyon-tahminimizi-yuzde-28-olarak-yukari-yonlu-guncelledik/4025976 ; https://www.cnbce.com/gayrimenkul/konut-piyasasinda-temmuz-hareketliligi-kiralikta-talep-artti-kiralar-reel-olarak-dustu-g36014 ; https://tcmb.gov.tr/wps/wcm/connect/tr/tcmb%2Btr/main%2Bmenu/duyurular/baskanin%2Bkonusmalari/2026/konusmab13_08_2026 ; https://www.aa.com.tr/tr/ekonomi/tcmb-baskani-karahan-2026-yil-sonu-enflasyon-tahminimizi-yuzde-28-olarak-yukari-yonlu-guncelledik/4025976,Ortalama kira / kiralık m² fiyatı ile çapraz-kaynak ima edilen alan.
İstanbul,6,Ortalama kiralanan alan (ima edilen),m²,2030,97.7262,Tahmin,Tahmin,S18;S24;S28;S29;S24;S28;S29,https://www.emlakjet.com/satilik-konut/istanbul ; https://www.cnbce.com/gayrimenkul/konut-piyasasinda-temmuz-hareketliligi-kiralikta-talep-artti-kiralar-reel-olarak-dustu-g36014 ; https://tcmb.gov.tr/wps/wcm/connect/tr/tcmb%2Btr/main%2Bmenu/duyurular/baskanin%2Bkonusmalari/2026/konusmab13_08_2026 ; https://www.aa.com.tr/tr/ekonomi/tcmb-baskani-karahan-2026-yil-sonu-enflasyon-tahminimizi-yuzde-28-olarak-yukari-yonlu-guncelledik/4025976 ; https://www.cnbce.com/gayrimenkul/konut-piyasasinda-temmuz-hareketliligi-kiralikta-talep-artti-kiralar-reel-olarak-dustu-g36014 ; https://tcmb.gov.tr/wps/wcm/connect/tr/tcmb%2Btr/main%2Bmenu/duyurular/baskanin%2Bkonusmalari/2026/konusmab13_08_2026 ; https://www.aa.com.tr/tr/ekonomi/tcmb-baskani-karahan-2026-yil-sonu-enflasyon-tahminimizi-yuzde-28-olarak-yukari-yonlu-guncelledik/4025976,Ortalama kira / kiralık m² fiyatı ile çapraz-kaynak ima edilen alan.
İstanbul,7,Ortalama kiralık m² fiyatı,TL/m²/ay,2022,100.0,Yıl sonu / rapor dönemi,Piyasa verisi,S21,https://betam.bahcesehir.edu.tr/2023/01/sahibindex-kiralik-konut-piyasasi-gorunumu-ocak-2023/,
İstanbul,7,Ortalama kiralık m² fiyatı,TL/m²/ay,2023,173.3,Yıl sonu / rapor dönemi,Piyasa verisi,S22,https://betam.bahcesehir.edu.tr/2024/01/sahibindex-kiralik-konut-piyasasi-gorunumu-ocak-2024/,
İstanbul,7,Ortalama kiralık m² fiyatı,TL/m²/ay,2024,254.5721,Yıl sonu / rapor dönemi,Türetilmiş / geriye hesap,S23,https://betam.bahcesehir.edu.tr/2026/01/sahibindex-kiralik-konut-piyasasi-gorunumu-ocak-2026/,
İstanbul,7,Ortalama kiralık m² fiyatı,TL/m²/ay,2025,348.0,Yıl sonu / rapor dönemi,Piyasa verisi,S23,https://betam.bahcesehir.edu.tr/2026/01/sahibindex-kiralik-konut-piyasasi-gorunumu-ocak-2026/,
İstanbul,7,Ortalama kiralık m² fiyatı,TL/m²/ay,2026,456.5,Temmuz 2026 son gözlem,Son piyasa gözlemi,S24,https://www.cnbce.com/gayrimenkul/konut-piyasasinda-temmuz-hareketliligi-kiralikta-talep-artti-kiralar-reel-olarak-dustu-g36014,
İstanbul,7,Ortalama kiralık m² fiyatı,TL/m²/ay,2027,524.975,Tahmin,Tahmin,S24;S28;S29,https://www.cnbce.com/gayrimenkul/konut-piyasasinda-temmuz-hareketliligi-kiralikta-talep-artti-kiralar-reel-olarak-dustu-g36014 ; https://tcmb.gov.tr/wps/wcm/connect/tr/tcmb%2Btr/main%2Bmenu/duyurular/baskanin%2Bkonusmalari/2026/konusmab13_08_2026 ; https://www.aa.com.tr/tr/ekonomi/tcmb-baskani-karahan-2026-yil-sonu-enflasyon-tahminimizi-yuzde-28-olarak-yukari-yonlu-guncelledik/4025976,"Nominal fiyat patikası: 2027 %15, 2028 %9, 2029 %6, 2030 %5."
İstanbul,7,Ortalama kiralık m² fiyatı,TL/m²/ay,2028,572.2227,Tahmin,Tahmin,S24;S28;S29,https://www.cnbce.com/gayrimenkul/konut-piyasasinda-temmuz-hareketliligi-kiralikta-talep-artti-kiralar-reel-olarak-dustu-g36014 ; https://tcmb.gov.tr/wps/wcm/connect/tr/tcmb%2Btr/main%2Bmenu/duyurular/baskanin%2Bkonusmalari/2026/konusmab13_08_2026 ; https://www.aa.com.tr/tr/ekonomi/tcmb-baskani-karahan-2026-yil-sonu-enflasyon-tahminimizi-yuzde-28-olarak-yukari-yonlu-guncelledik/4025976,"Nominal fiyat patikası: 2027 %15, 2028 %9, 2029 %6, 2030 %5."
İstanbul,7,Ortalama kiralık m² fiyatı,TL/m²/ay,2029,606.5561,Tahmin,Tahmin,S24;S28;S29,https://www.cnbce.com/gayrimenkul/konut-piyasasinda-temmuz-hareketliligi-kiralikta-talep-artti-kiralar-reel-olarak-dustu-g36014 ; https://tcmb.gov.tr/wps/wcm/connect/tr/tcmb%2Btr/main%2Bmenu/duyurular/baskanin%2Bkonusmalari/2026/konusmab13_08_2026 ; https://www.aa.com.tr/tr/ekonomi/tcmb-baskani-karahan-2026-yil-sonu-enflasyon-tahminimizi-yuzde-28-olarak-yukari-yonlu-guncelledik/4025976,"Nominal fiyat patikası: 2027 %15, 2028 %9, 2029 %6, 2030 %5."
İstanbul,7,Ortalama kiralık m² fiyatı,TL/m²/ay,2030,636.8839,Tahmin,Tahmin,S24;S28;S29,https://www.cnbce.com/gayrimenkul/konut-piyasasinda-temmuz-hareketliligi-kiralikta-talep-artti-kiralar-reel-olarak-dustu-g36014 ; https://tcmb.gov.tr/wps/wcm/connect/tr/tcmb%2Btr/main%2Bmenu/duyurular/baskanin%2Bkonusmalari/2026/konusmab13_08_2026 ; https://www.aa.com.tr/tr/ekonomi/tcmb-baskani-karahan-2026-yil-sonu-enflasyon-tahminimizi-yuzde-28-olarak-yukari-yonlu-guncelledik/4025976,"Nominal fiyat patikası: 2027 %15, 2028 %9, 2029 %6, 2030 %5."
İstanbul,8,Ortalama kira fiyatı,TL/ay,2022,9884.2697,Yıl sonu / rapor dönemi,Türetilmiş / geriye hesap,S14,https://www.gayrimenkulhaber.com/guncel/endeksa-acikladi-aralik-ayinda-kira-artisi-hiz-kesti-bazi-bolgelerde-dususler-var/,
İstanbul,8,Ortalama kira fiyatı,TL/ay,2023,17594.0,Yıl sonu / rapor dönemi,Piyasa verisi,S14,https://www.gayrimenkulhaber.com/guncel/endeksa-acikladi-aralik-ayinda-kira-artisi-hiz-kesti-bazi-bolgelerde-dususler-var/,
İstanbul,8,Ortalama kira fiyatı,TL/ay,2024,25331.0,Yıl sonu / rapor dönemi,Piyasa verisi,S15,https://www.gayrimenkulhaber.com/guncel/endeksa-2024-yillik-gayrimenkul-deger-raporu-yayimlandi/,
İstanbul,8,Ortalama kira fiyatı,TL/ay,2025,33823.0,Yıl sonu / rapor dönemi,Piyasa verisi,S16,https://www.karar.com/ekonomi-haberleri/konut-satislari-ne-durumda-emlakta-en-cok-kazandiran-il-hangisi-2033220,
İstanbul,8,Ortalama kira fiyatı,TL/ay,2026,44612.0,Temmuz 2026 son gözlem,Son piyasa gözlemi,S18,https://www.emlakjet.com/satilik-konut/istanbul,
İstanbul,8,Ortalama kira fiyatı,TL/ay,2027,51303.8,Tahmin,Tahmin,S18;S24;S28;S29,https://www.emlakjet.com/satilik-konut/istanbul ; https://www.cnbce.com/gayrimenkul/konut-piyasasinda-temmuz-hareketliligi-kiralikta-talep-artti-kiralar-reel-olarak-dustu-g36014 ; https://tcmb.gov.tr/wps/wcm/connect/tr/tcmb%2Btr/main%2Bmenu/duyurular/baskanin%2Bkonusmalari/2026/konusmab13_08_2026 ; https://www.aa.com.tr/tr/ekonomi/tcmb-baskani-karahan-2026-yil-sonu-enflasyon-tahminimizi-yuzde-28-olarak-yukari-yonlu-guncelledik/4025976,
İstanbul,8,Ortalama kira fiyatı,TL/ay,2028,55921.142,Tahmin,Tahmin,S18;S24;S28;S29,https://www.emlakjet.com/satilik-konut/istanbul ; https://www.cnbce.com/gayrimenkul/konut-piyasasinda-temmuz-hareketliligi-kiralikta-talep-artti-kiralar-reel-olarak-dustu-g36014 ; https://tcmb.gov.tr/wps/wcm/connect/tr/tcmb%2Btr/main%2Bmenu/duyurular/baskanin%2Bkonusmalari/2026/konusmab13_08_2026 ; https://www.aa.com.tr/tr/ekonomi/tcmb-baskani-karahan-2026-yil-sonu-enflasyon-tahminimizi-yuzde-28-olarak-yukari-yonlu-guncelledik/4025976,
İstanbul,8,Ortalama kira fiyatı,TL/ay,2029,59276.4105,Tahmin,Tahmin,S18;S24;S28;S29,https://www.emlakjet.com/satilik-konut/istanbul ; https://www.cnbce.com/gayrimenkul/konut-piyasasinda-temmuz-hareketliligi-kiralikta-talep-artti-kiralar-reel-olarak-dustu-g36014 ; https://tcmb.gov.tr/wps/wcm/connect/tr/tcmb%2Btr/main%2Bmenu/duyurular/baskanin%2Bkonusmalari/2026/konusmab13_08_2026 ; https://www.aa.com.tr/tr/ekonomi/tcmb-baskani-karahan-2026-yil-sonu-enflasyon-tahminimizi-yuzde-28-olarak-yukari-yonlu-guncelledik/4025976,
İstanbul,8,Ortalama kira fiyatı,TL/ay,2030,62240.231,Tahmin,Tahmin,S18;S24;S28;S29,https://www.emlakjet.com/satilik-konut/istanbul ; https://www.cnbce.com/gayrimenkul/konut-piyasasinda-temmuz-hareketliligi-kiralikta-talep-artti-kiralar-reel-olarak-dustu-g36014 ; https://tcmb.gov.tr/wps/wcm/connect/tr/tcmb%2Btr/main%2Bmenu/duyurular/baskanin%2Bkonusmalari/2026/konusmab13_08_2026 ; https://www.aa.com.tr/tr/ekonomi/tcmb-baskani-karahan-2026-yil-sonu-enflasyon-tahminimizi-yuzde-28-olarak-yukari-yonlu-guncelledik/4025976,
Ankara,1,Satılan ev sayısı,adet,2022,126166.0,Tam yıl,Resmî gerçekleşen,S01,https://veriportali.tuik.gov.tr/Bulten/Index?dil=1&p=Konut-Satis-Istatistikleri-Aralik-2022-49526,
Ankara,1,Satılan ev sayısı,adet,2023,114432.0,Tam yıl,Resmî gerçekleşen,S02,https://veriportali.tuik.gov.tr/tr/press/49516,
Ankara,1,Satılan ev sayısı,adet,2024,134046.0,Tam yıl,Resmî gerçekleşen,S03,https://veriportali.tuik.gov.tr/tr/press/54146,
Ankara,1,Satılan ev sayısı,adet,2025,152534.0,Tam yıl,Resmî gerçekleşen,S04,https://veriportali.tuik.gov.tr/tr/press/58350,
Ankara,1,Satılan ev sayısı,adet,2026,144187.4044,2026E,2026E yıllık tahmin,S04;S05,https://veriportali.tuik.gov.tr/tr/press/58350 ; https://veriportali.tuik.gov.tr/tr/press/58339,
Ankara,1,Satılan ev sayısı,adet,2027,148076.2949,Tahmin,Tahmin,S05;S28;S29,https://veriportali.tuik.gov.tr/tr/press/58339 ; https://tcmb.gov.tr/wps/wcm/connect/tr/tcmb%2Btr/main%2Bmenu/duyurular/baskanin%2Bkonusmalari/2026/konusmab13_08_2026 ; https://www.aa.com.tr/tr/ekonomi/tcmb-baskani-karahan-2026-yil-sonu-enflasyon-tahminimizi-yuzde-28-olarak-yukari-yonlu-guncelledik/4025976,2022-2026 CAGR ile %2 uzun dönem işlem büyümesi harmanlanmıştır.
Ankara,1,Satılan ev sayısı,adet,2028,151760.3973,Tahmin,Tahmin,S05;S28;S29,https://veriportali.tuik.gov.tr/tr/press/58339 ; https://tcmb.gov.tr/wps/wcm/connect/tr/tcmb%2Btr/main%2Bmenu/duyurular/baskanin%2Bkonusmalari/2026/konusmab13_08_2026 ; https://www.aa.com.tr/tr/ekonomi/tcmb-baskani-karahan-2026-yil-sonu-enflasyon-tahminimizi-yuzde-28-olarak-yukari-yonlu-guncelledik/4025976,2022-2026 CAGR ile %2 uzun dönem işlem büyümesi harmanlanmıştır.
Ankara,1,Satılan ev sayısı,adet,2029,155218.779,Tahmin,Tahmin,S05;S28;S29,https://veriportali.tuik.gov.tr/tr/press/58339 ; https://tcmb.gov.tr/wps/wcm/connect/tr/tcmb%2Btr/main%2Bmenu/duyurular/baskanin%2Bkonusmalari/2026/konusmab13_08_2026 ; https://www.aa.com.tr/tr/ekonomi/tcmb-baskani-karahan-2026-yil-sonu-enflasyon-tahminimizi-yuzde-28-olarak-yukari-yonlu-guncelledik/4025976,2022-2026 CAGR ile %2 uzun dönem işlem büyümesi harmanlanmıştır.
Ankara,1,Satılan ev sayısı,adet,2030,158323.1546,Tahmin,Tahmin,S05;S28;S29,https://veriportali.tuik.gov.tr/tr/press/58339 ; https://tcmb.gov.tr/wps/wcm/connect/tr/tcmb%2Btr/main%2Bmenu/duyurular/baskanin%2Bkonusmalari/2026/konusmab13_08_2026 ; https://www.aa.com.tr/tr/ekonomi/tcmb-baskani-karahan-2026-yil-sonu-enflasyon-tahminimizi-yuzde-28-olarak-yukari-yonlu-guncelledik/4025976,2022-2026 CAGR ile %2 uzun dönem işlem büyümesi harmanlanmıştır.
Ankara,2,Ortalama satılık konut alanı,m²,2022,132.0,Yıl sonu / rapor dönemi,Türetilmiş,S06,https://www.emlakdream.com/turkiyede-ortalama-bir-ev-fiyati-1-8-milyon-tlye-yukseldi/,
Ankara,2,Ortalama satılık konut alanı,m²,2023,130.0,Yıl sonu / rapor dönemi,Türetilmiş,S07,https://www.gayrimenkulhaber.com/emlak-haberleri/turkiyede-ortalama-konut-fiyati-3-milyon-92-bin-700-tl-oldu/,
Ankara,2,Ortalama satılık konut alanı,m²,2024,129.5032,Yıl sonu / rapor dönemi,Türetilmiş,S08,https://www.gayrimenkulhaber.com/guncel/endeksa-2024-yillik-gayrimenkul-deger-raporu-yayimlandi/,
Ankara,2,Ortalama satılık konut alanı,m²,2025,129.2028,Yıl sonu / rapor dönemi,Türetilmiş,S09;S16,https://www.dunya.com/ekonomik-veriler/endeksa-konut-satis-fiyatlari-aralik-ayinda-yuzde-272-artti-haberi-812021 ; https://www.karar.com/ekonomi-haberleri/konut-satislari-ne-durumda-emlakta-en-cok-kazandiran-il-hangisi-2033220,
Ankara,2,Ortalama satılık konut alanı,m²,2026,130.0,Temmuz 2026 son gözlem,Türetilmiş,S12,https://www.emlakjet.com/emlak-piyasasi/satilik-konut/ankara,
Ankara,2,Ortalama satılık konut alanı,m²,2027,130.0,Tahmin,Tahmin,S12;S28;S29,https://www.emlakjet.com/emlak-piyasasi/satilik-konut/ankara ; https://tcmb.gov.tr/wps/wcm/connect/tr/tcmb%2Btr/main%2Bmenu/duyurular/baskanin%2Bkonusmalari/2026/konusmab13_08_2026 ; https://www.aa.com.tr/tr/ekonomi/tcmb-baskani-karahan-2026-yil-sonu-enflasyon-tahminimizi-yuzde-28-olarak-yukari-yonlu-guncelledik/4025976,2026 alanı sabit tutulmuştur.
Ankara,2,Ortalama satılık konut alanı,m²,2028,130.0,Tahmin,Tahmin,S12;S28;S29,https://www.emlakjet.com/emlak-piyasasi/satilik-konut/ankara ; https://tcmb.gov.tr/wps/wcm/connect/tr/tcmb%2Btr/main%2Bmenu/duyurular/baskanin%2Bkonusmalari/2026/konusmab13_08_2026 ; https://www.aa.com.tr/tr/ekonomi/tcmb-baskani-karahan-2026-yil-sonu-enflasyon-tahminimizi-yuzde-28-olarak-yukari-yonlu-guncelledik/4025976,2026 alanı sabit tutulmuştur.
Ankara,2,Ortalama satılık konut alanı,m²,2029,130.0,Tahmin,Tahmin,S12;S28;S29,https://www.emlakjet.com/emlak-piyasasi/satilik-konut/ankara ; https://tcmb.gov.tr/wps/wcm/connect/tr/tcmb%2Btr/main%2Bmenu/duyurular/baskanin%2Bkonusmalari/2026/konusmab13_08_2026 ; https://www.aa.com.tr/tr/ekonomi/tcmb-baskani-karahan-2026-yil-sonu-enflasyon-tahminimizi-yuzde-28-olarak-yukari-yonlu-guncelledik/4025976,2026 alanı sabit tutulmuştur.
Ankara,2,Ortalama satılık konut alanı,m²,2030,130.0,Tahmin,Tahmin,S12;S28;S29,https://www.emlakjet.com/emlak-piyasasi/satilik-konut/ankara ; https://tcmb.gov.tr/wps/wcm/connect/tr/tcmb%2Btr/main%2Bmenu/duyurular/baskanin%2Bkonusmalari/2026/konusmab13_08_2026 ; https://www.aa.com.tr/tr/ekonomi/tcmb-baskani-karahan-2026-yil-sonu-enflasyon-tahminimizi-yuzde-28-olarak-yukari-yonlu-guncelledik/4025976,2026 alanı sabit tutulmuştur.
Ankara,3,Ortalama satılık m² fiyatı,TL/m²,2022,10282.0,Yıl sonu / rapor dönemi,Piyasa verisi,S06,https://www.emlakdream.com/turkiyede-ortalama-bir-ev-fiyati-1-8-milyon-tlye-yukseldi/,
Ankara,3,Ortalama satılık m² fiyatı,TL/m²,2023,19770.0,Yıl sonu / rapor dönemi,Piyasa verisi,S07,https://www.gayrimenkulhaber.com/emlak-haberleri/turkiyede-ortalama-konut-fiyati-3-milyon-92-bin-700-tl-oldu/,
Ankara,3,Ortalama satılık m² fiyatı,TL/m²,2024,25482.0,Yıl sonu / rapor dönemi,Piyasa verisi,S08,https://www.gayrimenkulhaber.com/guncel/endeksa-2024-yillik-gayrimenkul-deger-raporu-yayimlandi/,
Ankara,3,Ortalama satılık m² fiyatı,TL/m²,2025,34055.0,Yıl sonu / rapor dönemi,Piyasa verisi,S09;S16,https://www.dunya.com/ekonomik-veriler/endeksa-konut-satis-fiyatlari-aralik-ayinda-yuzde-272-artti-haberi-812021 ; https://www.karar.com/ekonomi-haberleri/konut-satislari-ne-durumda-emlakta-en-cok-kazandiran-il-hangisi-2033220,
Ankara,3,Ortalama satılık m² fiyatı,TL/m²,2026,38674.0,Temmuz 2026 son gözlem,Son piyasa gözlemi,S12,https://www.emlakjet.com/emlak-piyasasi/satilik-konut/ankara,
Ankara,3,Ortalama satılık m² fiyatı,TL/m²,2027,44475.1,Tahmin,Tahmin,S12;S28;S29,https://www.emlakjet.com/emlak-piyasasi/satilik-konut/ankara ; https://tcmb.gov.tr/wps/wcm/connect/tr/tcmb%2Btr/main%2Bmenu/duyurular/baskanin%2Bkonusmalari/2026/konusmab13_08_2026 ; https://www.aa.com.tr/tr/ekonomi/tcmb-baskani-karahan-2026-yil-sonu-enflasyon-tahminimizi-yuzde-28-olarak-yukari-yonlu-guncelledik/4025976,"Nominal fiyat patikası: 2027 %15, 2028 %9, 2029 %6, 2030 %5."
Ankara,3,Ortalama satılık m² fiyatı,TL/m²,2028,48477.859,Tahmin,Tahmin,S12;S28;S29,https://www.emlakjet.com/emlak-piyasasi/satilik-konut/ankara ; https://tcmb.gov.tr/wps/wcm/connect/tr/tcmb%2Btr/main%2Bmenu/duyurular/baskanin%2Bkonusmalari/2026/konusmab13_08_2026 ; https://www.aa.com.tr/tr/ekonomi/tcmb-baskani-karahan-2026-yil-sonu-enflasyon-tahminimizi-yuzde-28-olarak-yukari-yonlu-guncelledik/4025976,"Nominal fiyat patikası: 2027 %15, 2028 %9, 2029 %6, 2030 %5."
Ankara,3,Ortalama satılık m² fiyatı,TL/m²,2029,51386.5305,Tahmin,Tahmin,S12;S28;S29,https://www.emlakjet.com/emlak-piyasasi/satilik-konut/ankara ; https://tcmb.gov.tr/wps/wcm/connect/tr/tcmb%2Btr/main%2Bmenu/duyurular/baskanin%2Bkonusmalari/2026/konusmab13_08_2026 ; https://www.aa.com.tr/tr/ekonomi/tcmb-baskani-karahan-2026-yil-sonu-enflasyon-tahminimizi-yuzde-28-olarak-yukari-yonlu-guncelledik/4025976,"Nominal fiyat patikası: 2027 %15, 2028 %9, 2029 %6, 2030 %5."
Ankara,3,Ortalama satılık m² fiyatı,TL/m²,2030,53955.8571,Tahmin,Tahmin,S12;S28;S29,https://www.emlakjet.com/emlak-piyasasi/satilik-konut/ankara ; https://tcmb.gov.tr/wps/wcm/connect/tr/tcmb%2Btr/main%2Bmenu/duyurular/baskanin%2Bkonusmalari/2026/konusmab13_08_2026 ; https://www.aa.com.tr/tr/ekonomi/tcmb-baskani-karahan-2026-yil-sonu-enflasyon-tahminimizi-yuzde-28-olarak-yukari-yonlu-guncelledik/4025976,"Nominal fiyat patikası: 2027 %15, 2028 %9, 2029 %6, 2030 %5."
Ankara,4,Ortalama ev fiyatı,TL,2022,1357224.0,Yıl sonu / rapor dönemi,Piyasa verisi,S06,https://www.emlakdream.com/turkiyede-ortalama-bir-ev-fiyati-1-8-milyon-tlye-yukseldi/,
Ankara,4,Ortalama ev fiyatı,TL,2023,2570100.0,Yıl sonu / rapor dönemi,Piyasa verisi,S07,https://www.gayrimenkulhaber.com/emlak-haberleri/turkiyede-ortalama-konut-fiyati-3-milyon-92-bin-700-tl-oldu/,
Ankara,4,Ortalama ev fiyatı,TL,2024,3300000.0,Yıl sonu / rapor dönemi,Piyasa verisi,S08,https://www.gayrimenkulhaber.com/guncel/endeksa-2024-yillik-gayrimenkul-deger-raporu-yayimlandi/,
Ankara,4,Ortalama ev fiyatı,TL,2025,4400000.0,Yıl sonu / rapor dönemi,Piyasa verisi,S09;S16,https://www.dunya.com/ekonomik-veriler/endeksa-konut-satis-fiyatlari-aralik-ayinda-yuzde-272-artti-haberi-812021 ; https://www.karar.com/ekonomi-haberleri/konut-satislari-ne-durumda-emlakta-en-cok-kazandiran-il-hangisi-2033220,
Ankara,4,Ortalama ev fiyatı,TL,2026,5027620.0,Temmuz 2026 son gözlem,Son piyasa gözlemi,S12,https://www.emlakjet.com/emlak-piyasasi/satilik-konut/ankara,
Ankara,4,Ortalama ev fiyatı,TL,2027,5781763.0,Tahmin,Tahmin,S12;S28;S29,https://www.emlakjet.com/emlak-piyasasi/satilik-konut/ankara ; https://tcmb.gov.tr/wps/wcm/connect/tr/tcmb%2Btr/main%2Bmenu/duyurular/baskanin%2Bkonusmalari/2026/konusmab13_08_2026 ; https://www.aa.com.tr/tr/ekonomi/tcmb-baskani-karahan-2026-yil-sonu-enflasyon-tahminimizi-yuzde-28-olarak-yukari-yonlu-guncelledik/4025976,
Ankara,4,Ortalama ev fiyatı,TL,2028,6302121.67,Tahmin,Tahmin,S12;S28;S29,https://www.emlakjet.com/emlak-piyasasi/satilik-konut/ankara ; https://tcmb.gov.tr/wps/wcm/connect/tr/tcmb%2Btr/main%2Bmenu/duyurular/baskanin%2Bkonusmalari/2026/konusmab13_08_2026 ; https://www.aa.com.tr/tr/ekonomi/tcmb-baskani-karahan-2026-yil-sonu-enflasyon-tahminimizi-yuzde-28-olarak-yukari-yonlu-guncelledik/4025976,
Ankara,4,Ortalama ev fiyatı,TL,2029,6680248.9702,Tahmin,Tahmin,S12;S28;S29,https://www.emlakjet.com/emlak-piyasasi/satilik-konut/ankara ; https://tcmb.gov.tr/wps/wcm/connect/tr/tcmb%2Btr/main%2Bmenu/duyurular/baskanin%2Bkonusmalari/2026/konusmab13_08_2026 ; https://www.aa.com.tr/tr/ekonomi/tcmb-baskani-karahan-2026-yil-sonu-enflasyon-tahminimizi-yuzde-28-olarak-yukari-yonlu-guncelledik/4025976,
Ankara,4,Ortalama ev fiyatı,TL,2030,7014261.4187,Tahmin,Tahmin,S12;S28;S29,https://www.emlakjet.com/emlak-piyasasi/satilik-konut/ankara ; https://tcmb.gov.tr/wps/wcm/connect/tr/tcmb%2Btr/main%2Bmenu/duyurular/baskanin%2Bkonusmalari/2026/konusmab13_08_2026 ; https://www.aa.com.tr/tr/ekonomi/tcmb-baskani-karahan-2026-yil-sonu-enflasyon-tahminimizi-yuzde-28-olarak-yukari-yonlu-guncelledik/4025976,
Ankara,5,Kiralanan ev sayısı (platform proxy),adet/yıl,2022,36561.912,Tam yıl,Platform proxy / yıllıklandırılmış,S26,https://www.dunya.com/sektorler/emlak/satilik-konut-fiyatlarindaki-artis-hizi-dusmeye-devam-ediyor-haberi-683075,Resmî kira sözleşmesi adedi değildir; sahibindex/BETAM platform göstergesi yıllık proxy.
Ankara,5,Kiralanan ev sayısı (platform proxy),adet/yıl,2023,35664.0,Tam yıl,Platform proxy / yıllıklandırılmış,S27,https://image5.sahibinden.com/staticContent/969bb478/2309/451b/af82/d321e8a0a74d/1706003743.pdf,Resmî kira sözleşmesi adedi değildir; sahibindex/BETAM platform göstergesi yıllık proxy.
Ankara,5,Kiralanan ev sayısı (platform proxy),adet/yıl,2024,37803.84,Tam yıl,Model/Proxy,S27;Model,https://image5.sahibinden.com/staticContent/969bb478/2309/451b/af82/d321e8a0a74d/1706003743.pdf,Resmî kira sözleşmesi adedi değildir; sahibindex/BETAM platform göstergesi yıllık proxy.
Ankara,5,Kiralanan ev sayısı (platform proxy),adet/yıl,2025,39694.032,Tam yıl,Model/Proxy,S27;Model,https://image5.sahibinden.com/staticContent/969bb478/2309/451b/af82/d321e8a0a74d/1706003743.pdf,Resmî kira sözleşmesi adedi değildir; sahibindex/BETAM platform göstergesi yıllık proxy.
Ankara,5,Kiralanan ev sayısı (platform proxy),adet/yıl,2026,41678.7336,2026E,Model/Proxy,S27;Model,https://image5.sahibinden.com/staticContent/969bb478/2309/451b/af82/d321e8a0a74d/1706003743.pdf,Resmî kira sözleşmesi adedi değildir; sahibindex/BETAM platform göstergesi yıllık proxy.
Ankara,5,Kiralanan ev sayısı (platform proxy),adet/yıl,2027,42789.2227,Tahmin,Tahmin,S27;S28;S29;Model,https://image5.sahibinden.com/staticContent/969bb478/2309/451b/af82/d321e8a0a74d/1706003743.pdf ; https://tcmb.gov.tr/wps/wcm/connect/tr/tcmb%2Btr/main%2Bmenu/duyurular/baskanin%2Bkonusmalari/2026/konusmab13_08_2026 ; https://www.aa.com.tr/tr/ekonomi/tcmb-baskani-karahan-2026-yil-sonu-enflasyon-tahminimizi-yuzde-28-olarak-yukari-yonlu-guncelledik/4025976,Resmî kira sözleşmesi adedi değildir; sahibindex/BETAM platform göstergesi yıllık proxy.
Ankara,5,Kiralanan ev sayısı (platform proxy),adet/yıl,2028,43844.0119,Tahmin,Tahmin,S27;S28;S29;Model,https://image5.sahibinden.com/staticContent/969bb478/2309/451b/af82/d321e8a0a74d/1706003743.pdf ; https://tcmb.gov.tr/wps/wcm/connect/tr/tcmb%2Btr/main%2Bmenu/duyurular/baskanin%2Bkonusmalari/2026/konusmab13_08_2026 ; https://www.aa.com.tr/tr/ekonomi/tcmb-baskani-karahan-2026-yil-sonu-enflasyon-tahminimizi-yuzde-28-olarak-yukari-yonlu-guncelledik/4025976,Resmî kira sözleşmesi adedi değildir; sahibindex/BETAM platform göstergesi yıllık proxy.
Ankara,5,Kiralanan ev sayısı (platform proxy),adet/yıl,2029,44837.4124,Tahmin,Tahmin,S27;S28;S29;Model,https://image5.sahibinden.com/staticContent/969bb478/2309/451b/af82/d321e8a0a74d/1706003743.pdf ; https://tcmb.gov.tr/wps/wcm/connect/tr/tcmb%2Btr/main%2Bmenu/duyurular/baskanin%2Bkonusmalari/2026/konusmab13_08_2026 ; https://www.aa.com.tr/tr/ekonomi/tcmb-baskani-karahan-2026-yil-sonu-enflasyon-tahminimizi-yuzde-28-olarak-yukari-yonlu-guncelledik/4025976,Resmî kira sözleşmesi adedi değildir; sahibindex/BETAM platform göstergesi yıllık proxy.
Ankara,5,Kiralanan ev sayısı (platform proxy),adet/yıl,2030,45734.1606,Tahmin,Tahmin,S27;S28;S29;Model,https://image5.sahibinden.com/staticContent/969bb478/2309/451b/af82/d321e8a0a74d/1706003743.pdf ; https://tcmb.gov.tr/wps/wcm/connect/tr/tcmb%2Btr/main%2Bmenu/duyurular/baskanin%2Bkonusmalari/2026/konusmab13_08_2026 ; https://www.aa.com.tr/tr/ekonomi/tcmb-baskani-karahan-2026-yil-sonu-enflasyon-tahminimizi-yuzde-28-olarak-yukari-yonlu-guncelledik/4025976,Resmî kira sözleşmesi adedi değildir; sahibindex/BETAM platform göstergesi yıllık proxy.
Ankara,6,Ortalama kiralanan alan (ima edilen),m²,2022,114.7804,Yıl sonu / rapor dönemi,Türetilmiş,S14;S21,https://www.gayrimenkulhaber.com/guncel/endeksa-acikladi-aralik-ayinda-kira-artisi-hiz-kesti-bazi-bolgelerde-dususler-var/ ; https://betam.bahcesehir.edu.tr/2023/01/sahibindex-kiralik-konut-piyasasi-gorunumu-ocak-2023/,Ortalama kira / kiralık m² fiyatı ile çapraz-kaynak ima edilen alan.
Ankara,6,Ortalama kiralanan alan (ima edilen),m²,2023,120.0338,Yıl sonu / rapor dönemi,Türetilmiş,S14;S22,https://www.gayrimenkulhaber.com/guncel/endeksa-acikladi-aralik-ayinda-kira-artisi-hiz-kesti-bazi-bolgelerde-dususler-var/ ; https://betam.bahcesehir.edu.tr/2024/01/sahibindex-kiralik-konut-piyasasi-gorunumu-ocak-2024/,Ortalama kira / kiralık m² fiyatı ile çapraz-kaynak ima edilen alan.
Ankara,6,Ortalama kiralanan alan (ima edilen),m²,2024,119.7703,Yıl sonu / rapor dönemi,Türetilmiş,S15;S23,https://www.gayrimenkulhaber.com/guncel/endeksa-2024-yillik-gayrimenkul-deger-raporu-yayimlandi/ ; https://betam.bahcesehir.edu.tr/2026/01/sahibindex-kiralik-konut-piyasasi-gorunumu-ocak-2026/,Ortalama kira / kiralık m² fiyatı ile çapraz-kaynak ima edilen alan.
Ankara,6,Ortalama kiralanan alan (ima edilen),m²,2025,119.7703,Yıl sonu / rapor dönemi,Türetilmiş,S15;S23;S23,https://www.gayrimenkulhaber.com/guncel/endeksa-2024-yillik-gayrimenkul-deger-raporu-yayimlandi/ ; https://betam.bahcesehir.edu.tr/2026/01/sahibindex-kiralik-konut-piyasasi-gorunumu-ocak-2026/ ; https://betam.bahcesehir.edu.tr/2026/01/sahibindex-kiralik-konut-piyasasi-gorunumu-ocak-2026/,Ortalama kira / kiralık m² fiyatı ile çapraz-kaynak ima edilen alan.
Ankara,6,Ortalama kiralanan alan (ima edilen),m²,2026,114.4373,Temmuz 2026 son gözlem,Türetilmiş,S19;S24,https://www.emlakjet.com/satilik-konut/ankara ; https://www.cnbce.com/gayrimenkul/konut-piyasasinda-temmuz-hareketliligi-kiralikta-talep-artti-kiralar-reel-olarak-dustu-g36014,Ortalama kira / kiralık m² fiyatı ile çapraz-kaynak ima edilen alan.
Ankara,6,Ortalama kiralanan alan (ima edilen),m²,2027,114.4373,Tahmin,Tahmin,S19;S24;S28;S29;S24;S28;S29,https://www.emlakjet.com/satilik-konut/ankara ; https://www.cnbce.com/gayrimenkul/konut-piyasasinda-temmuz-hareketliligi-kiralikta-talep-artti-kiralar-reel-olarak-dustu-g36014 ; https://tcmb.gov.tr/wps/wcm/connect/tr/tcmb%2Btr/main%2Bmenu/duyurular/baskanin%2Bkonusmalari/2026/konusmab13_08_2026 ; https://www.aa.com.tr/tr/ekonomi/tcmb-baskani-karahan-2026-yil-sonu-enflasyon-tahminimizi-yuzde-28-olarak-yukari-yonlu-guncelledik/4025976 ; https://www.cnbce.com/gayrimenkul/konut-piyasasinda-temmuz-hareketliligi-kiralikta-talep-artti-kiralar-reel-olarak-dustu-g36014 ; https://tcmb.gov.tr/wps/wcm/connect/tr/tcmb%2Btr/main%2Bmenu/duyurular/baskanin%2Bkonusmalari/2026/konusmab13_08_2026 ; https://www.aa.com.tr/tr/ekonomi/tcmb-baskani-karahan-2026-yil-sonu-enflasyon-tahminimizi-yuzde-28-olarak-yukari-yonlu-guncelledik/4025976,Ortalama kira / kiralık m² fiyatı ile çapraz-kaynak ima edilen alan.
Ankara,6,Ortalama kiralanan alan (ima edilen),m²,2028,114.4373,Tahmin,Tahmin,S19;S24;S28;S29;S24;S28;S29,https://www.emlakjet.com/satilik-konut/ankara ; https://www.cnbce.com/gayrimenkul/konut-piyasasinda-temmuz-hareketliligi-kiralikta-talep-artti-kiralar-reel-olarak-dustu-g36014 ; https://tcmb.gov.tr/wps/wcm/connect/tr/tcmb%2Btr/main%2Bmenu/duyurular/baskanin%2Bkonusmalari/2026/konusmab13_08_2026 ; https://www.aa.com.tr/tr/ekonomi/tcmb-baskani-karahan-2026-yil-sonu-enflasyon-tahminimizi-yuzde-28-olarak-yukari-yonlu-guncelledik/4025976 ; https://www.cnbce.com/gayrimenkul/konut-piyasasinda-temmuz-hareketliligi-kiralikta-talep-artti-kiralar-reel-olarak-dustu-g36014 ; https://tcmb.gov.tr/wps/wcm/connect/tr/tcmb%2Btr/main%2Bmenu/duyurular/baskanin%2Bkonusmalari/2026/konusmab13_08_2026 ; https://www.aa.com.tr/tr/ekonomi/tcmb-baskani-karahan-2026-yil-sonu-enflasyon-tahminimizi-yuzde-28-olarak-yukari-yonlu-guncelledik/4025976,Ortalama kira / kiralık m² fiyatı ile çapraz-kaynak ima edilen alan.
Ankara,6,Ortalama kiralanan alan (ima edilen),m²,2029,114.4373,Tahmin,Tahmin,S19;S24;S28;S29;S24;S28;S29,https://www.emlakjet.com/satilik-konut/ankara ; https://www.cnbce.com/gayrimenkul/konut-piyasasinda-temmuz-hareketliligi-kiralikta-talep-artti-kiralar-reel-olarak-dustu-g36014 ; https://tcmb.gov.tr/wps/wcm/connect/tr/tcmb%2Btr/main%2Bmenu/duyurular/baskanin%2Bkonusmalari/2026/konusmab13_08_2026 ; https://www.aa.com.tr/tr/ekonomi/tcmb-baskani-karahan-2026-yil-sonu-enflasyon-tahminimizi-yuzde-28-olarak-yukari-yonlu-guncelledik/4025976 ; https://www.cnbce.com/gayrimenkul/konut-piyasasinda-temmuz-hareketliligi-kiralikta-talep-artti-kiralar-reel-olarak-dustu-g36014 ; https://tcmb.gov.tr/wps/wcm/connect/tr/tcmb%2Btr/main%2Bmenu/duyurular/baskanin%2Bkonusmalari/2026/konusmab13_08_2026 ; https://www.aa.com.tr/tr/ekonomi/tcmb-baskani-karahan-2026-yil-sonu-enflasyon-tahminimizi-yuzde-28-olarak-yukari-yonlu-guncelledik/4025976,Ortalama kira / kiralık m² fiyatı ile çapraz-kaynak ima edilen alan.
Ankara,6,Ortalama kiralanan alan (ima edilen),m²,2030,114.4373,Tahmin,Tahmin,S19;S24;S28;S29;S24;S28;S29,https://www.emlakjet.com/satilik-konut/ankara ; https://www.cnbce.com/gayrimenkul/konut-piyasasinda-temmuz-hareketliligi-kiralikta-talep-artti-kiralar-reel-olarak-dustu-g36014 ; https://tcmb.gov.tr/wps/wcm/connect/tr/tcmb%2Btr/main%2Bmenu/duyurular/baskanin%2Bkonusmalari/2026/konusmab13_08_2026 ; https://www.aa.com.tr/tr/ekonomi/tcmb-baskani-karahan-2026-yil-sonu-enflasyon-tahminimizi-yuzde-28-olarak-yukari-yonlu-guncelledik/4025976 ; https://www.cnbce.com/gayrimenkul/konut-piyasasinda-temmuz-hareketliligi-kiralikta-talep-artti-kiralar-reel-olarak-dustu-g36014 ; https://tcmb.gov.tr/wps/wcm/connect/tr/tcmb%2Btr/main%2Bmenu/duyurular/baskanin%2Bkonusmalari/2026/konusmab13_08_2026 ; https://www.aa.com.tr/tr/ekonomi/tcmb-baskani-karahan-2026-yil-sonu-enflasyon-tahminimizi-yuzde-28-olarak-yukari-yonlu-guncelledik/4025976,Ortalama kira / kiralık m² fiyatı ile çapraz-kaynak ima edilen alan.
Ankara,7,Ortalama kiralık m² fiyatı,TL/m²/ay,2022,47.0,Yıl sonu / rapor dönemi,Piyasa verisi,S21,https://betam.bahcesehir.edu.tr/2023/01/sahibindex-kiralik-konut-piyasasi-gorunumu-ocak-2023/,
Ankara,7,Ortalama kiralık m² fiyatı,TL/m²/ay,2023,118.2,Yıl sonu / rapor dönemi,Piyasa verisi,S22,https://betam.bahcesehir.edu.tr/2024/01/sahibindex-kiralik-konut-piyasasi-gorunumu-ocak-2024/,
Ankara,7,Ortalama kiralık m² fiyatı,TL/m²/ay,2024,180.0593,Yıl sonu / rapor dönemi,Türetilmiş / geriye hesap,S23,https://betam.bahcesehir.edu.tr/2026/01/sahibindex-kiralik-konut-piyasasi-gorunumu-ocak-2026/,
Ankara,7,Ortalama kiralık m² fiyatı,TL/m²/ay,2025,242.9,Yıl sonu / rapor dönemi,Piyasa verisi,S23,https://betam.bahcesehir.edu.tr/2026/01/sahibindex-kiralik-konut-piyasasi-gorunumu-ocak-2026/,
Ankara,7,Ortalama kiralık m² fiyatı,TL/m²/ay,2026,294.1,Temmuz 2026 son gözlem,Son piyasa gözlemi,S24,https://www.cnbce.com/gayrimenkul/konut-piyasasinda-temmuz-hareketliligi-kiralikta-talep-artti-kiralar-reel-olarak-dustu-g36014,
Ankara,7,Ortalama kiralık m² fiyatı,TL/m²/ay,2027,338.215,Tahmin,Tahmin,S24;S28;S29,https://www.cnbce.com/gayrimenkul/konut-piyasasinda-temmuz-hareketliligi-kiralikta-talep-artti-kiralar-reel-olarak-dustu-g36014 ; https://tcmb.gov.tr/wps/wcm/connect/tr/tcmb%2Btr/main%2Bmenu/duyurular/baskanin%2Bkonusmalari/2026/konusmab13_08_2026 ; https://www.aa.com.tr/tr/ekonomi/tcmb-baskani-karahan-2026-yil-sonu-enflasyon-tahminimizi-yuzde-28-olarak-yukari-yonlu-guncelledik/4025976,"Nominal fiyat patikası: 2027 %15, 2028 %9, 2029 %6, 2030 %5."
Ankara,7,Ortalama kiralık m² fiyatı,TL/m²/ay,2028,368.6544,Tahmin,Tahmin,S24;S28;S29,https://www.cnbce.com/gayrimenkul/konut-piyasasinda-temmuz-hareketliligi-kiralikta-talep-artti-kiralar-reel-olarak-dustu-g36014 ; https://tcmb.gov.tr/wps/wcm/connect/tr/tcmb%2Btr/main%2Bmenu/duyurular/baskanin%2Bkonusmalari/2026/konusmab13_08_2026 ; https://www.aa.com.tr/tr/ekonomi/tcmb-baskani-karahan-2026-yil-sonu-enflasyon-tahminimizi-yuzde-28-olarak-yukari-yonlu-guncelledik/4025976,"Nominal fiyat patikası: 2027 %15, 2028 %9, 2029 %6, 2030 %5."
Ankara,7,Ortalama kiralık m² fiyatı,TL/m²/ay,2029,390.7736,Tahmin,Tahmin,S24;S28;S29,https://www.cnbce.com/gayrimenkul/konut-piyasasinda-temmuz-hareketliligi-kiralikta-talep-artti-kiralar-reel-olarak-dustu-g36014 ; https://tcmb.gov.tr/wps/wcm/connect/tr/tcmb%2Btr/main%2Bmenu/duyurular/baskanin%2Bkonusmalari/2026/konusmab13_08_2026 ; https://www.aa.com.tr/tr/ekonomi/tcmb-baskani-karahan-2026-yil-sonu-enflasyon-tahminimizi-yuzde-28-olarak-yukari-yonlu-guncelledik/4025976,"Nominal fiyat patikası: 2027 %15, 2028 %9, 2029 %6, 2030 %5."
Ankara,7,Ortalama kiralık m² fiyatı,TL/m²/ay,2030,410.3123,Tahmin,Tahmin,S24;S28;S29,https://www.cnbce.com/gayrimenkul/konut-piyasasinda-temmuz-hareketliligi-kiralikta-talep-artti-kiralar-reel-olarak-dustu-g36014 ; https://tcmb.gov.tr/wps/wcm/connect/tr/tcmb%2Btr/main%2Bmenu/duyurular/baskanin%2Bkonusmalari/2026/konusmab13_08_2026 ; https://www.aa.com.tr/tr/ekonomi/tcmb-baskani-karahan-2026-yil-sonu-enflasyon-tahminimizi-yuzde-28-olarak-yukari-yonlu-guncelledik/4025976,"Nominal fiyat patikası: 2027 %15, 2028 %9, 2029 %6, 2030 %5."
Ankara,8,Ortalama kira fiyatı,TL/ay,2022,5394.6768,Yıl sonu / rapor dönemi,Türetilmiş / geriye hesap,S14,https://www.gayrimenkulhaber.com/guncel/endeksa-acikladi-aralik-ayinda-kira-artisi-hiz-kesti-bazi-bolgelerde-dususler-var/,
Ankara,8,Ortalama kira fiyatı,TL/ay,2023,14188.0,Yıl sonu / rapor dönemi,Piyasa verisi,S14,https://www.gayrimenkulhaber.com/guncel/endeksa-acikladi-aralik-ayinda-kira-artisi-hiz-kesti-bazi-bolgelerde-dususler-var/,
Ankara,8,Ortalama kira fiyatı,TL/ay,2024,21565.76,Yıl sonu / rapor dönemi,Türetilmiş / model,S15,https://www.gayrimenkulhaber.com/guncel/endeksa-2024-yillik-gayrimenkul-deger-raporu-yayimlandi/,
Ankara,8,Ortalama kira fiyatı,TL/ay,2025,29092.2102,Yıl sonu / rapor dönemi,Türetilmiş / model,S15;S23,https://www.gayrimenkulhaber.com/guncel/endeksa-2024-yillik-gayrimenkul-deger-raporu-yayimlandi/ ; https://betam.bahcesehir.edu.tr/2026/01/sahibindex-kiralik-konut-piyasasi-gorunumu-ocak-2026/,
Ankara,8,Ortalama kira fiyatı,TL/ay,2026,33656.0,Temmuz 2026 son gözlem,Son piyasa gözlemi,S19,https://www.emlakjet.com/satilik-konut/ankara,
Ankara,8,Ortalama kira fiyatı,TL/ay,2027,38704.4,Tahmin,Tahmin,S19;S24;S28;S29,https://www.emlakjet.com/satilik-konut/ankara ; https://www.cnbce.com/gayrimenkul/konut-piyasasinda-temmuz-hareketliligi-kiralikta-talep-artti-kiralar-reel-olarak-dustu-g36014 ; https://tcmb.gov.tr/wps/wcm/connect/tr/tcmb%2Btr/main%2Bmenu/duyurular/baskanin%2Bkonusmalari/2026/konusmab13_08_2026 ; https://www.aa.com.tr/tr/ekonomi/tcmb-baskani-karahan-2026-yil-sonu-enflasyon-tahminimizi-yuzde-28-olarak-yukari-yonlu-guncelledik/4025976,
Ankara,8,Ortalama kira fiyatı,TL/ay,2028,42187.796,Tahmin,Tahmin,S19;S24;S28;S29,https://www.emlakjet.com/satilik-konut/ankara ; https://www.cnbce.com/gayrimenkul/konut-piyasasinda-temmuz-hareketliligi-kiralikta-talep-artti-kiralar-reel-olarak-dustu-g36014 ; https://tcmb.gov.tr/wps/wcm/connect/tr/tcmb%2Btr/main%2Bmenu/duyurular/baskanin%2Bkonusmalari/2026/konusmab13_08_2026 ; https://www.aa.com.tr/tr/ekonomi/tcmb-baskani-karahan-2026-yil-sonu-enflasyon-tahminimizi-yuzde-28-olarak-yukari-yonlu-guncelledik/4025976,
Ankara,8,Ortalama kira fiyatı,TL/ay,2029,44719.0638,Tahmin,Tahmin,S19;S24;S28;S29,https://www.emlakjet.com/satilik-konut/ankara ; https://www.cnbce.com/gayrimenkul/konut-piyasasinda-temmuz-hareketliligi-kiralikta-talep-artti-kiralar-reel-olarak-dustu-g36014 ; https://tcmb.gov.tr/wps/wcm/connect/tr/tcmb%2Btr/main%2Bmenu/duyurular/baskanin%2Bkonusmalari/2026/konusmab13_08_2026 ; https://www.aa.com.tr/tr/ekonomi/tcmb-baskani-karahan-2026-yil-sonu-enflasyon-tahminimizi-yuzde-28-olarak-yukari-yonlu-guncelledik/4025976,
Ankara,8,Ortalama kira fiyatı,TL/ay,2030,46955.0169,Tahmin,Tahmin,S19;S24;S28;S29,https://www.emlakjet.com/satilik-konut/ankara ; https://www.cnbce.com/gayrimenkul/konut-piyasasinda-temmuz-hareketliligi-kiralikta-talep-artti-kiralar-reel-olarak-dustu-g36014 ; https://tcmb.gov.tr/wps/wcm/connect/tr/tcmb%2Btr/main%2Bmenu/duyurular/baskanin%2Bkonusmalari/2026/konusmab13_08_2026 ; https://www.aa.com.tr/tr/ekonomi/tcmb-baskani-karahan-2026-yil-sonu-enflasyon-tahminimizi-yuzde-28-olarak-yukari-yonlu-guncelledik/4025976,
İzmir,1,Satılan ev sayısı,adet,2022,83502.0,Tam yıl,Resmî gerçekleşen,S01,https://veriportali.tuik.gov.tr/Bulten/Index?dil=1&p=Konut-Satis-Istatistikleri-Aralik-2022-49526,
İzmir,1,Satılan ev sayısı,adet,2023,65465.0,Tam yıl,Resmî gerçekleşen,S02,https://veriportali.tuik.gov.tr/tr/press/49516,
İzmir,1,Satılan ev sayısı,adet,2024,80398.0,Tam yıl,Resmî gerçekleşen,S03,https://veriportali.tuik.gov.tr/tr/press/54146,
İzmir,1,Satılan ev sayısı,adet,2025,96998.0,Tam yıl,Resmî gerçekleşen,S04,https://veriportali.tuik.gov.tr/tr/press/58350,
İzmir,1,Satılan ev sayısı,adet,2026,91690.3107,2026E,2026E yıllık tahmin,S04;S05,https://veriportali.tuik.gov.tr/tr/press/58350 ; https://veriportali.tuik.gov.tr/tr/press/58339,
İzmir,1,Satılan ev sayısı,adet,2027,93692.0083,Tahmin,Tahmin,S05;S28;S29,https://veriportali.tuik.gov.tr/tr/press/58339 ; https://tcmb.gov.tr/wps/wcm/connect/tr/tcmb%2Btr/main%2Bmenu/duyurular/baskanin%2Bkonusmalari/2026/konusmab13_08_2026 ; https://www.aa.com.tr/tr/ekonomi/tcmb-baskani-karahan-2026-yil-sonu-enflasyon-tahminimizi-yuzde-28-olarak-yukari-yonlu-guncelledik/4025976,2022-2026 CAGR ile %2 uzun dönem işlem büyümesi harmanlanmıştır.
İzmir,1,Satılan ev sayısı,adet,2028,95685.9382,Tahmin,Tahmin,S05;S28;S29,https://veriportali.tuik.gov.tr/tr/press/58339 ; https://tcmb.gov.tr/wps/wcm/connect/tr/tcmb%2Btr/main%2Bmenu/duyurular/baskanin%2Bkonusmalari/2026/konusmab13_08_2026 ; https://www.aa.com.tr/tr/ekonomi/tcmb-baskani-karahan-2026-yil-sonu-enflasyon-tahminimizi-yuzde-28-olarak-yukari-yonlu-guncelledik/4025976,2022-2026 CAGR ile %2 uzun dönem işlem büyümesi harmanlanmıştır.
İzmir,1,Satılan ev sayısı,adet,2029,97669.74,Tahmin,Tahmin,S05;S28;S29,https://veriportali.tuik.gov.tr/tr/press/58339 ; https://tcmb.gov.tr/wps/wcm/connect/tr/tcmb%2Btr/main%2Bmenu/duyurular/baskanin%2Bkonusmalari/2026/konusmab13_08_2026 ; https://www.aa.com.tr/tr/ekonomi/tcmb-baskani-karahan-2026-yil-sonu-enflasyon-tahminimizi-yuzde-28-olarak-yukari-yonlu-guncelledik/4025976,2022-2026 CAGR ile %2 uzun dönem işlem büyümesi harmanlanmıştır.
İzmir,1,Satılan ev sayısı,adet,2030,99623.1348,Tahmin,Tahmin,S05;S28;S29,https://veriportali.tuik.gov.tr/tr/press/58339 ; https://tcmb.gov.tr/wps/wcm/connect/tr/tcmb%2Btr/main%2Bmenu/duyurular/baskanin%2Bkonusmalari/2026/konusmab13_08_2026 ; https://www.aa.com.tr/tr/ekonomi/tcmb-baskani-karahan-2026-yil-sonu-enflasyon-tahminimizi-yuzde-28-olarak-yukari-yonlu-guncelledik/4025976,2022-2026 CAGR ile %2 uzun dönem işlem büyümesi harmanlanmıştır.
İzmir,2,Ortalama satılık konut alanı,m²,2022,125.0,Yıl sonu / rapor dönemi,Türetilmiş,S07,https://www.gayrimenkulhaber.com/emlak-haberleri/turkiyede-ortalama-konut-fiyati-3-milyon-92-bin-700-tl-oldu/,
İzmir,2,Ortalama satılık konut alanı,m²,2023,125.0,Yıl sonu / rapor dönemi,Türetilmiş,S07,https://www.gayrimenkulhaber.com/emlak-haberleri/turkiyede-ortalama-konut-fiyati-3-milyon-92-bin-700-tl-oldu/,
İzmir,2,Ortalama satılık konut alanı,m²,2024,124.42,Yıl sonu / rapor dönemi,Türetilmiş,S08,https://www.gayrimenkulhaber.com/guncel/endeksa-2024-yillik-gayrimenkul-deger-raporu-yayimlandi/,
İzmir,2,Ortalama satılık konut alanı,m²,2025,124.6002,Yıl sonu / rapor dönemi,Türetilmiş,S09;S16,https://www.dunya.com/ekonomik-veriler/endeksa-konut-satis-fiyatlari-aralik-ayinda-yuzde-272-artti-haberi-812021 ; https://www.karar.com/ekonomi-haberleri/konut-satislari-ne-durumda-emlakta-en-cok-kazandiran-il-hangisi-2033220,
İzmir,2,Ortalama satılık konut alanı,m²,2026,120.0,Temmuz 2026 son gözlem,Türetilmiş,S13,https://www.emlakjet.com/emlak-piyasasi/satilik-konut/izmir,
İzmir,2,Ortalama satılık konut alanı,m²,2027,120.0,Tahmin,Tahmin,S13;S28;S29,https://www.emlakjet.com/emlak-piyasasi/satilik-konut/izmir ; https://tcmb.gov.tr/wps/wcm/connect/tr/tcmb%2Btr/main%2Bmenu/duyurular/baskanin%2Bkonusmalari/2026/konusmab13_08_2026 ; https://www.aa.com.tr/tr/ekonomi/tcmb-baskani-karahan-2026-yil-sonu-enflasyon-tahminimizi-yuzde-28-olarak-yukari-yonlu-guncelledik/4025976,2026 alanı sabit tutulmuştur.
İzmir,2,Ortalama satılık konut alanı,m²,2028,120.0,Tahmin,Tahmin,S13;S28;S29,https://www.emlakjet.com/emlak-piyasasi/satilik-konut/izmir ; https://tcmb.gov.tr/wps/wcm/connect/tr/tcmb%2Btr/main%2Bmenu/duyurular/baskanin%2Bkonusmalari/2026/konusmab13_08_2026 ; https://www.aa.com.tr/tr/ekonomi/tcmb-baskani-karahan-2026-yil-sonu-enflasyon-tahminimizi-yuzde-28-olarak-yukari-yonlu-guncelledik/4025976,2026 alanı sabit tutulmuştur.
İzmir,2,Ortalama satılık konut alanı,m²,2029,120.0,Tahmin,Tahmin,S13;S28;S29,https://www.emlakjet.com/emlak-piyasasi/satilik-konut/izmir ; https://tcmb.gov.tr/wps/wcm/connect/tr/tcmb%2Btr/main%2Bmenu/duyurular/baskanin%2Bkonusmalari/2026/konusmab13_08_2026 ; https://www.aa.com.tr/tr/ekonomi/tcmb-baskani-karahan-2026-yil-sonu-enflasyon-tahminimizi-yuzde-28-olarak-yukari-yonlu-guncelledik/4025976,2026 alanı sabit tutulmuştur.
İzmir,2,Ortalama satılık konut alanı,m²,2030,120.0,Tahmin,Tahmin,S13;S28;S29,https://www.emlakjet.com/emlak-piyasasi/satilik-konut/izmir ; https://tcmb.gov.tr/wps/wcm/connect/tr/tcmb%2Btr/main%2Bmenu/duyurular/baskanin%2Bkonusmalari/2026/konusmab13_08_2026 ; https://www.aa.com.tr/tr/ekonomi/tcmb-baskani-karahan-2026-yil-sonu-enflasyon-tahminimizi-yuzde-28-olarak-yukari-yonlu-guncelledik/4025976,2026 alanı sabit tutulmuştur.
İzmir,3,Ortalama satılık m² fiyatı,TL/m²,2022,16875.8427,Yıl sonu / rapor dönemi,Türetilmiş / geriye hesap,S07,https://www.gayrimenkulhaber.com/emlak-haberleri/turkiyede-ortalama-konut-fiyati-3-milyon-92-bin-700-tl-oldu/,2023 Endeksa değerinden %78 yıllık artış kullanılarak geriye hesap.
İzmir,3,Ortalama satılık m² fiyatı,TL/m²,2023,30039.0,Yıl sonu / rapor dönemi,Piyasa verisi,S07,https://www.gayrimenkulhaber.com/emlak-haberleri/turkiyede-ortalama-konut-fiyati-3-milyon-92-bin-700-tl-oldu/,
İzmir,3,Ortalama satılık m² fiyatı,TL/m²,2024,38579.0,Yıl sonu / rapor dönemi,Piyasa verisi,S08,https://www.gayrimenkulhaber.com/guncel/endeksa-2024-yillik-gayrimenkul-deger-raporu-yayimlandi/,
İzmir,3,Ortalama satılık m² fiyatı,TL/m²,2025,48154.0,Yıl sonu / rapor dönemi,Piyasa verisi,S09;S16,https://www.dunya.com/ekonomik-veriler/endeksa-konut-satis-fiyatlari-aralik-ayinda-yuzde-272-artti-haberi-812021 ; https://www.karar.com/ekonomi-haberleri/konut-satislari-ne-durumda-emlakta-en-cok-kazandiran-il-hangisi-2033220,
İzmir,3,Ortalama satılık m² fiyatı,TL/m²,2026,53974.0,Temmuz 2026 son gözlem,Son piyasa gözlemi,S13,https://www.emlakjet.com/emlak-piyasasi/satilik-konut/izmir,
İzmir,3,Ortalama satılık m² fiyatı,TL/m²,2027,62070.1,Tahmin,Tahmin,S13;S28;S29,https://www.emlakjet.com/emlak-piyasasi/satilik-konut/izmir ; https://tcmb.gov.tr/wps/wcm/connect/tr/tcmb%2Btr/main%2Bmenu/duyurular/baskanin%2Bkonusmalari/2026/konusmab13_08_2026 ; https://www.aa.com.tr/tr/ekonomi/tcmb-baskani-karahan-2026-yil-sonu-enflasyon-tahminimizi-yuzde-28-olarak-yukari-yonlu-guncelledik/4025976,"Nominal fiyat patikası: 2027 %15, 2028 %9, 2029 %6, 2030 %5."
İzmir,3,Ortalama satılık m² fiyatı,TL/m²,2028,67656.409,Tahmin,Tahmin,S13;S28;S29,https://www.emlakjet.com/emlak-piyasasi/satilik-konut/izmir ; https://tcmb.gov.tr/wps/wcm/connect/tr/tcmb%2Btr/main%2Bmenu/duyurular/baskanin%2Bkonusmalari/2026/konusmab13_08_2026 ; https://www.aa.com.tr/tr/ekonomi/tcmb-baskani-karahan-2026-yil-sonu-enflasyon-tahminimizi-yuzde-28-olarak-yukari-yonlu-guncelledik/4025976,"Nominal fiyat patikası: 2027 %15, 2028 %9, 2029 %6, 2030 %5."
İzmir,3,Ortalama satılık m² fiyatı,TL/m²,2029,71715.7935,Tahmin,Tahmin,S13;S28;S29,https://www.emlakjet.com/emlak-piyasasi/satilik-konut/izmir ; https://tcmb.gov.tr/wps/wcm/connect/tr/tcmb%2Btr/main%2Bmenu/duyurular/baskanin%2Bkonusmalari/2026/konusmab13_08_2026 ; https://www.aa.com.tr/tr/ekonomi/tcmb-baskani-karahan-2026-yil-sonu-enflasyon-tahminimizi-yuzde-28-olarak-yukari-yonlu-guncelledik/4025976,"Nominal fiyat patikası: 2027 %15, 2028 %9, 2029 %6, 2030 %5."
İzmir,3,Ortalama satılık m² fiyatı,TL/m²,2030,75301.5832,Tahmin,Tahmin,S13;S28;S29,https://www.emlakjet.com/emlak-piyasasi/satilik-konut/izmir ; https://tcmb.gov.tr/wps/wcm/connect/tr/tcmb%2Btr/main%2Bmenu/duyurular/baskanin%2Bkonusmalari/2026/konusmab13_08_2026 ; https://www.aa.com.tr/tr/ekonomi/tcmb-baskani-karahan-2026-yil-sonu-enflasyon-tahminimizi-yuzde-28-olarak-yukari-yonlu-guncelledik/4025976,"Nominal fiyat patikası: 2027 %15, 2028 %9, 2029 %6, 2030 %5."
İzmir,4,Ortalama ev fiyatı,TL,2022,2109480.3371,Yıl sonu / rapor dönemi,Türetilmiş / geriye hesap,S07,https://www.gayrimenkulhaber.com/emlak-haberleri/turkiyede-ortalama-konut-fiyati-3-milyon-92-bin-700-tl-oldu/,2023 Endeksa değerinden %78 yıllık artış kullanılarak geriye hesap.
İzmir,4,Ortalama ev fiyatı,TL,2023,3754875.0,Yıl sonu / rapor dönemi,Piyasa verisi,S07,https://www.gayrimenkulhaber.com/emlak-haberleri/turkiyede-ortalama-konut-fiyati-3-milyon-92-bin-700-tl-oldu/,
İzmir,4,Ortalama ev fiyatı,TL,2024,4800000.0,Yıl sonu / rapor dönemi,Piyasa verisi,S08,https://www.gayrimenkulhaber.com/guncel/endeksa-2024-yillik-gayrimenkul-deger-raporu-yayimlandi/,
İzmir,4,Ortalama ev fiyatı,TL,2025,6000000.0,Yıl sonu / rapor dönemi,Piyasa verisi,S09;S16,https://www.dunya.com/ekonomik-veriler/endeksa-konut-satis-fiyatlari-aralik-ayinda-yuzde-272-artti-haberi-812021 ; https://www.karar.com/ekonomi-haberleri/konut-satislari-ne-durumda-emlakta-en-cok-kazandiran-il-hangisi-2033220,
İzmir,4,Ortalama ev fiyatı,TL,2026,6476880.0,Temmuz 2026 son gözlem,Son piyasa gözlemi,S13,https://www.emlakjet.com/emlak-piyasasi/satilik-konut/izmir,
İzmir,4,Ortalama ev fiyatı,TL,2027,7448412.0,Tahmin,Tahmin,S13;S28;S29,https://www.emlakjet.com/emlak-piyasasi/satilik-konut/izmir ; https://tcmb.gov.tr/wps/wcm/connect/tr/tcmb%2Btr/main%2Bmenu/duyurular/baskanin%2Bkonusmalari/2026/konusmab13_08_2026 ; https://www.aa.com.tr/tr/ekonomi/tcmb-baskani-karahan-2026-yil-sonu-enflasyon-tahminimizi-yuzde-28-olarak-yukari-yonlu-guncelledik/4025976,
İzmir,4,Ortalama ev fiyatı,TL,2028,8118769.08,Tahmin,Tahmin,S13;S28;S29,https://www.emlakjet.com/emlak-piyasasi/satilik-konut/izmir ; https://tcmb.gov.tr/wps/wcm/connect/tr/tcmb%2Btr/main%2Bmenu/duyurular/baskanin%2Bkonusmalari/2026/konusmab13_08_2026 ; https://www.aa.com.tr/tr/ekonomi/tcmb-baskani-karahan-2026-yil-sonu-enflasyon-tahminimizi-yuzde-28-olarak-yukari-yonlu-guncelledik/4025976,
İzmir,4,Ortalama ev fiyatı,TL,2029,8605895.2248,Tahmin,Tahmin,S13;S28;S29,https://www.emlakjet.com/emlak-piyasasi/satilik-konut/izmir ; https://tcmb.gov.tr/wps/wcm/connect/tr/tcmb%2Btr/main%2Bmenu/duyurular/baskanin%2Bkonusmalari/2026/konusmab13_08_2026 ; https://www.aa.com.tr/tr/ekonomi/tcmb-baskani-karahan-2026-yil-sonu-enflasyon-tahminimizi-yuzde-28-olarak-yukari-yonlu-guncelledik/4025976,
İzmir,4,Ortalama ev fiyatı,TL,2030,9036189.986,Tahmin,Tahmin,S13;S28;S29,https://www.emlakjet.com/emlak-piyasasi/satilik-konut/izmir ; https://tcmb.gov.tr/wps/wcm/connect/tr/tcmb%2Btr/main%2Bmenu/duyurular/baskanin%2Bkonusmalari/2026/konusmab13_08_2026 ; https://www.aa.com.tr/tr/ekonomi/tcmb-baskani-karahan-2026-yil-sonu-enflasyon-tahminimizi-yuzde-28-olarak-yukari-yonlu-guncelledik/4025976,
İzmir,5,Kiralanan ev sayısı (platform proxy),adet/yıl,2022,29366.028,Tam yıl,Platform proxy / yıllıklandırılmış,S26,https://www.dunya.com/sektorler/emlak/satilik-konut-fiyatlarindaki-artis-hizi-dusmeye-devam-ediyor-haberi-683075,Resmî kira sözleşmesi adedi değildir; sahibindex/BETAM platform göstergesi yıllık proxy.
İzmir,5,Kiralanan ev sayısı (platform proxy),adet/yıl,2023,29724.0,Tam yıl,Platform proxy / yıllıklandırılmış,S27,https://image5.sahibinden.com/staticContent/969bb478/2309/451b/af82/d321e8a0a74d/1706003743.pdf,Resmî kira sözleşmesi adedi değildir; sahibindex/BETAM platform göstergesi yıllık proxy.
İzmir,5,Kiralanan ev sayısı (platform proxy),adet/yıl,2024,31507.44,Tam yıl,Model/Proxy,S27;Model,https://image5.sahibinden.com/staticContent/969bb478/2309/451b/af82/d321e8a0a74d/1706003743.pdf,Resmî kira sözleşmesi adedi değildir; sahibindex/BETAM platform göstergesi yıllık proxy.
İzmir,5,Kiralanan ev sayısı (platform proxy),adet/yıl,2025,33082.812,Tam yıl,Model/Proxy,S27;Model,https://image5.sahibinden.com/staticContent/969bb478/2309/451b/af82/d321e8a0a74d/1706003743.pdf,Resmî kira sözleşmesi adedi değildir; sahibindex/BETAM platform göstergesi yıllık proxy.
İzmir,5,Kiralanan ev sayısı (platform proxy),adet/yıl,2026,34736.9526,2026E,Model/Proxy,S27;Model,https://image5.sahibinden.com/staticContent/969bb478/2309/451b/af82/d321e8a0a74d/1706003743.pdf,Resmî kira sözleşmesi adedi değildir; sahibindex/BETAM platform göstergesi yıllık proxy.
İzmir,5,Kiralanan ev sayısı (platform proxy),adet/yıl,2027,35829.1778,Tahmin,Tahmin,S27;S28;S29;Model,https://image5.sahibinden.com/staticContent/969bb478/2309/451b/af82/d321e8a0a74d/1706003743.pdf ; https://tcmb.gov.tr/wps/wcm/connect/tr/tcmb%2Btr/main%2Bmenu/duyurular/baskanin%2Bkonusmalari/2026/konusmab13_08_2026 ; https://www.aa.com.tr/tr/ekonomi/tcmb-baskani-karahan-2026-yil-sonu-enflasyon-tahminimizi-yuzde-28-olarak-yukari-yonlu-guncelledik/4025976,Resmî kira sözleşmesi adedi değildir; sahibindex/BETAM platform göstergesi yıllık proxy.
İzmir,5,Kiralanan ev sayısı (platform proxy),adet/yıl,2028,36832.7503,Tahmin,Tahmin,S27;S28;S29;Model,https://image5.sahibinden.com/staticContent/969bb478/2309/451b/af82/d321e8a0a74d/1706003743.pdf ; https://tcmb.gov.tr/wps/wcm/connect/tr/tcmb%2Btr/main%2Bmenu/duyurular/baskanin%2Bkonusmalari/2026/konusmab13_08_2026 ; https://www.aa.com.tr/tr/ekonomi/tcmb-baskani-karahan-2026-yil-sonu-enflasyon-tahminimizi-yuzde-28-olarak-yukari-yonlu-guncelledik/4025976,Resmî kira sözleşmesi adedi değildir; sahibindex/BETAM platform göstergesi yıllık proxy.
İzmir,5,Kiralanan ev sayısı (platform proxy),adet/yıl,2029,37737.9925,Tahmin,Tahmin,S27;S28;S29;Model,https://image5.sahibinden.com/staticContent/969bb478/2309/451b/af82/d321e8a0a74d/1706003743.pdf ; https://tcmb.gov.tr/wps/wcm/connect/tr/tcmb%2Btr/main%2Bmenu/duyurular/baskanin%2Bkonusmalari/2026/konusmab13_08_2026 ; https://www.aa.com.tr/tr/ekonomi/tcmb-baskani-karahan-2026-yil-sonu-enflasyon-tahminimizi-yuzde-28-olarak-yukari-yonlu-guncelledik/4025976,Resmî kira sözleşmesi adedi değildir; sahibindex/BETAM platform göstergesi yıllık proxy.
İzmir,5,Kiralanan ev sayısı (platform proxy),adet/yıl,2030,38492.7523,Tahmin,Tahmin,S27;S28;S29;Model,https://image5.sahibinden.com/staticContent/969bb478/2309/451b/af82/d321e8a0a74d/1706003743.pdf ; https://tcmb.gov.tr/wps/wcm/connect/tr/tcmb%2Btr/main%2Bmenu/duyurular/baskanin%2Bkonusmalari/2026/konusmab13_08_2026 ; https://www.aa.com.tr/tr/ekonomi/tcmb-baskani-karahan-2026-yil-sonu-enflasyon-tahminimizi-yuzde-28-olarak-yukari-yonlu-guncelledik/4025976,Resmî kira sözleşmesi adedi değildir; sahibindex/BETAM platform göstergesi yıllık proxy.
İzmir,6,Ortalama kiralanan alan (ima edilen),m²,2022,106.6297,Yıl sonu / rapor dönemi,Türetilmiş,S14;S21,https://www.gayrimenkulhaber.com/guncel/endeksa-acikladi-aralik-ayinda-kira-artisi-hiz-kesti-bazi-bolgelerde-dususler-var/ ; https://betam.bahcesehir.edu.tr/2023/01/sahibindex-kiralik-konut-piyasasi-gorunumu-ocak-2023/,Ortalama kira / kiralık m² fiyatı ile çapraz-kaynak ima edilen alan.
İzmir,6,Ortalama kiralanan alan (ima edilen),m²,2023,109.457,Yıl sonu / rapor dönemi,Türetilmiş,S14;S22,https://www.gayrimenkulhaber.com/guncel/endeksa-acikladi-aralik-ayinda-kira-artisi-hiz-kesti-bazi-bolgelerde-dususler-var/ ; https://betam.bahcesehir.edu.tr/2024/01/sahibindex-kiralik-konut-piyasasi-gorunumu-ocak-2024/,Ortalama kira / kiralık m² fiyatı ile çapraz-kaynak ima edilen alan.
İzmir,6,Ortalama kiralanan alan (ima edilen),m²,2024,107.5506,Yıl sonu / rapor dönemi,Türetilmiş,S15;S23,https://www.gayrimenkulhaber.com/guncel/endeksa-2024-yillik-gayrimenkul-deger-raporu-yayimlandi/ ; https://betam.bahcesehir.edu.tr/2026/01/sahibindex-kiralik-konut-piyasasi-gorunumu-ocak-2026/,Ortalama kira / kiralık m² fiyatı ile çapraz-kaynak ima edilen alan.
İzmir,6,Ortalama kiralanan alan (ima edilen),m²,2025,107.5506,Yıl sonu / rapor dönemi,Türetilmiş,S15;S23;S23,https://www.gayrimenkulhaber.com/guncel/endeksa-2024-yillik-gayrimenkul-deger-raporu-yayimlandi/ ; https://betam.bahcesehir.edu.tr/2026/01/sahibindex-kiralik-konut-piyasasi-gorunumu-ocak-2026/ ; https://betam.bahcesehir.edu.tr/2026/01/sahibindex-kiralik-konut-piyasasi-gorunumu-ocak-2026/,Ortalama kira / kiralık m² fiyatı ile çapraz-kaynak ima edilen alan.
İzmir,6,Ortalama kiralanan alan (ima edilen),m²,2026,99.328,Temmuz 2026 son gözlem,Türetilmiş,S20;S24,https://www.emlakjet.com/satilik-konut/izmir ; https://www.cnbce.com/gayrimenkul/konut-piyasasinda-temmuz-hareketliligi-kiralikta-talep-artti-kiralar-reel-olarak-dustu-g36014,Ortalama kira / kiralık m² fiyatı ile çapraz-kaynak ima edilen alan.
İzmir,6,Ortalama kiralanan alan (ima edilen),m²,2027,99.328,Tahmin,Tahmin,S20;S24;S28;S29;S24;S28;S29,https://www.emlakjet.com/satilik-konut/izmir ; https://www.cnbce.com/gayrimenkul/konut-piyasasinda-temmuz-hareketliligi-kiralikta-talep-artti-kiralar-reel-olarak-dustu-g36014 ; https://tcmb.gov.tr/wps/wcm/connect/tr/tcmb%2Btr/main%2Bmenu/duyurular/baskanin%2Bkonusmalari/2026/konusmab13_08_2026 ; https://www.aa.com.tr/tr/ekonomi/tcmb-baskani-karahan-2026-yil-sonu-enflasyon-tahminimizi-yuzde-28-olarak-yukari-yonlu-guncelledik/4025976 ; https://www.cnbce.com/gayrimenkul/konut-piyasasinda-temmuz-hareketliligi-kiralikta-talep-artti-kiralar-reel-olarak-dustu-g36014 ; https://tcmb.gov.tr/wps/wcm/connect/tr/tcmb%2Btr/main%2Bmenu/duyurular/baskanin%2Bkonusmalari/2026/konusmab13_08_2026 ; https://www.aa.com.tr/tr/ekonomi/tcmb-baskani-karahan-2026-yil-sonu-enflasyon-tahminimizi-yuzde-28-olarak-yukari-yonlu-guncelledik/4025976,Ortalama kira / kiralık m² fiyatı ile çapraz-kaynak ima edilen alan.
İzmir,6,Ortalama kiralanan alan (ima edilen),m²,2028,99.328,Tahmin,Tahmin,S20;S24;S28;S29;S24;S28;S29,https://www.emlakjet.com/satilik-konut/izmir ; https://www.cnbce.com/gayrimenkul/konut-piyasasinda-temmuz-hareketliligi-kiralikta-talep-artti-kiralar-reel-olarak-dustu-g36014 ; https://tcmb.gov.tr/wps/wcm/connect/tr/tcmb%2Btr/main%2Bmenu/duyurular/baskanin%2Bkonusmalari/2026/konusmab13_08_2026 ; https://www.aa.com.tr/tr/ekonomi/tcmb-baskani-karahan-2026-yil-sonu-enflasyon-tahminimizi-yuzde-28-olarak-yukari-yonlu-guncelledik/4025976 ; https://www.cnbce.com/gayrimenkul/konut-piyasasinda-temmuz-hareketliligi-kiralikta-talep-artti-kiralar-reel-olarak-dustu-g36014 ; https://tcmb.gov.tr/wps/wcm/connect/tr/tcmb%2Btr/main%2Bmenu/duyurular/baskanin%2Bkonusmalari/2026/konusmab13_08_2026 ; https://www.aa.com.tr/tr/ekonomi/tcmb-baskani-karahan-2026-yil-sonu-enflasyon-tahminimizi-yuzde-28-olarak-yukari-yonlu-guncelledik/4025976,Ortalama kira / kiralık m² fiyatı ile çapraz-kaynak ima edilen alan.
İzmir,6,Ortalama kiralanan alan (ima edilen),m²,2029,99.328,Tahmin,Tahmin,S20;S24;S28;S29;S24;S28;S29,https://www.emlakjet.com/satilik-konut/izmir ; https://www.cnbce.com/gayrimenkul/konut-piyasasinda-temmuz-hareketliligi-kiralikta-talep-artti-kiralar-reel-olarak-dustu-g36014 ; https://tcmb.gov.tr/wps/wcm/connect/tr/tcmb%2Btr/main%2Bmenu/duyurular/baskanin%2Bkonusmalari/2026/konusmab13_08_2026 ; https://www.aa.com.tr/tr/ekonomi/tcmb-baskani-karahan-2026-yil-sonu-enflasyon-tahminimizi-yuzde-28-olarak-yukari-yonlu-guncelledik/4025976 ; https://www.cnbce.com/gayrimenkul/konut-piyasasinda-temmuz-hareketliligi-kiralikta-talep-artti-kiralar-reel-olarak-dustu-g36014 ; https://tcmb.gov.tr/wps/wcm/connect/tr/tcmb%2Btr/main%2Bmenu/duyurular/baskanin%2Bkonusmalari/2026/konusmab13_08_2026 ; https://www.aa.com.tr/tr/ekonomi/tcmb-baskani-karahan-2026-yil-sonu-enflasyon-tahminimizi-yuzde-28-olarak-yukari-yonlu-guncelledik/4025976,Ortalama kira / kiralık m² fiyatı ile çapraz-kaynak ima edilen alan.
İzmir,6,Ortalama kiralanan alan (ima edilen),m²,2030,99.328,Tahmin,Tahmin,S20;S24;S28;S29;S24;S28;S29,https://www.emlakjet.com/satilik-konut/izmir ; https://www.cnbce.com/gayrimenkul/konut-piyasasinda-temmuz-hareketliligi-kiralikta-talep-artti-kiralar-reel-olarak-dustu-g36014 ; https://tcmb.gov.tr/wps/wcm/connect/tr/tcmb%2Btr/main%2Bmenu/duyurular/baskanin%2Bkonusmalari/2026/konusmab13_08_2026 ; https://www.aa.com.tr/tr/ekonomi/tcmb-baskani-karahan-2026-yil-sonu-enflasyon-tahminimizi-yuzde-28-olarak-yukari-yonlu-guncelledik/4025976 ; https://www.cnbce.com/gayrimenkul/konut-piyasasinda-temmuz-hareketliligi-kiralikta-talep-artti-kiralar-reel-olarak-dustu-g36014 ; https://tcmb.gov.tr/wps/wcm/connect/tr/tcmb%2Btr/main%2Bmenu/duyurular/baskanin%2Bkonusmalari/2026/konusmab13_08_2026 ; https://www.aa.com.tr/tr/ekonomi/tcmb-baskani-karahan-2026-yil-sonu-enflasyon-tahminimizi-yuzde-28-olarak-yukari-yonlu-guncelledik/4025976,Ortalama kira / kiralık m² fiyatı ile çapraz-kaynak ima edilen alan.
İzmir,7,Ortalama kiralık m² fiyatı,TL/m²/ay,2022,68.2,Yıl sonu / rapor dönemi,Piyasa verisi,S21,https://betam.bahcesehir.edu.tr/2023/01/sahibindex-kiralik-konut-piyasasi-gorunumu-ocak-2023/,
İzmir,7,Ortalama kiralık m² fiyatı,TL/m²/ay,2023,145.5,Yıl sonu / rapor dönemi,Piyasa verisi,S22,https://betam.bahcesehir.edu.tr/2024/01/sahibindex-kiralik-konut-piyasasi-gorunumu-ocak-2024/,
İzmir,7,Ortalama kiralık m² fiyatı,TL/m²/ay,2024,225.0804,Yıl sonu / rapor dönemi,Türetilmiş / geriye hesap,S23,https://betam.bahcesehir.edu.tr/2026/01/sahibindex-kiralik-konut-piyasasi-gorunumu-ocak-2026/,
İzmir,7,Ortalama kiralık m² fiyatı,TL/m²/ay,2025,280.0,Yıl sonu / rapor dönemi,Piyasa verisi,S23,https://betam.bahcesehir.edu.tr/2026/01/sahibindex-kiralik-konut-piyasasi-gorunumu-ocak-2026/,
İzmir,7,Ortalama kiralık m² fiyatı,TL/m²/ay,2026,327.4,Temmuz 2026 son gözlem,Son piyasa gözlemi,S24,https://www.cnbce.com/gayrimenkul/konut-piyasasinda-temmuz-hareketliligi-kiralikta-talep-artti-kiralar-reel-olarak-dustu-g36014,
İzmir,7,Ortalama kiralık m² fiyatı,TL/m²/ay,2027,376.51,Tahmin,Tahmin,S24;S28;S29,https://www.cnbce.com/gayrimenkul/konut-piyasasinda-temmuz-hareketliligi-kiralikta-talep-artti-kiralar-reel-olarak-dustu-g36014 ; https://tcmb.gov.tr/wps/wcm/connect/tr/tcmb%2Btr/main%2Bmenu/duyurular/baskanin%2Bkonusmalari/2026/konusmab13_08_2026 ; https://www.aa.com.tr/tr/ekonomi/tcmb-baskani-karahan-2026-yil-sonu-enflasyon-tahminimizi-yuzde-28-olarak-yukari-yonlu-guncelledik/4025976,"Nominal fiyat patikası: 2027 %15, 2028 %9, 2029 %6, 2030 %5."
İzmir,7,Ortalama kiralık m² fiyatı,TL/m²/ay,2028,410.3959,Tahmin,Tahmin,S24;S28;S29,https://www.cnbce.com/gayrimenkul/konut-piyasasinda-temmuz-hareketliligi-kiralikta-talep-artti-kiralar-reel-olarak-dustu-g36014 ; https://tcmb.gov.tr/wps/wcm/connect/tr/tcmb%2Btr/main%2Bmenu/duyurular/baskanin%2Bkonusmalari/2026/konusmab13_08_2026 ; https://www.aa.com.tr/tr/ekonomi/tcmb-baskani-karahan-2026-yil-sonu-enflasyon-tahminimizi-yuzde-28-olarak-yukari-yonlu-guncelledik/4025976,"Nominal fiyat patikası: 2027 %15, 2028 %9, 2029 %6, 2030 %5."
İzmir,7,Ortalama kiralık m² fiyatı,TL/m²/ay,2029,435.0197,Tahmin,Tahmin,S24;S28;S29,https://www.cnbce.com/gayrimenkul/konut-piyasasinda-temmuz-hareketliligi-kiralikta-talep-artti-kiralar-reel-olarak-dustu-g36014 ; https://tcmb.gov.tr/wps/wcm/connect/tr/tcmb%2Btr/main%2Bmenu/duyurular/baskanin%2Bkonusmalari/2026/konusmab13_08_2026 ; https://www.aa.com.tr/tr/ekonomi/tcmb-baskani-karahan-2026-yil-sonu-enflasyon-tahminimizi-yuzde-28-olarak-yukari-yonlu-guncelledik/4025976,"Nominal fiyat patikası: 2027 %15, 2028 %9, 2029 %6, 2030 %5."
İzmir,7,Ortalama kiralık m² fiyatı,TL/m²/ay,2030,456.7706,Tahmin,Tahmin,S24;S28;S29,https://www.cnbce.com/gayrimenkul/konut-piyasasinda-temmuz-hareketliligi-kiralikta-talep-artti-kiralar-reel-olarak-dustu-g36014 ; https://tcmb.gov.tr/wps/wcm/connect/tr/tcmb%2Btr/main%2Bmenu/duyurular/baskanin%2Bkonusmalari/2026/konusmab13_08_2026 ; https://www.aa.com.tr/tr/ekonomi/tcmb-baskani-karahan-2026-yil-sonu-enflasyon-tahminimizi-yuzde-28-olarak-yukari-yonlu-guncelledik/4025976,"Nominal fiyat patikası: 2027 %15, 2028 %9, 2029 %6, 2030 %5."
İzmir,8,Ortalama kira fiyatı,TL/ay,2022,7272.1461,Yıl sonu / rapor dönemi,Türetilmiş / geriye hesap,S14,https://www.gayrimenkulhaber.com/guncel/endeksa-acikladi-aralik-ayinda-kira-artisi-hiz-kesti-bazi-bolgelerde-dususler-var/,
İzmir,8,Ortalama kira fiyatı,TL/ay,2023,15926.0,Yıl sonu / rapor dönemi,Piyasa verisi,S14,https://www.gayrimenkulhaber.com/guncel/endeksa-acikladi-aralik-ayinda-kira-artisi-hiz-kesti-bazi-bolgelerde-dususler-var/,
İzmir,8,Ortalama kira fiyatı,TL/ay,2024,24207.52,Yıl sonu / rapor dönemi,Türetilmiş / model,S15,https://www.gayrimenkulhaber.com/guncel/endeksa-2024-yillik-gayrimenkul-deger-raporu-yayimlandi/,
İzmir,8,Ortalama kira fiyatı,TL/ay,2025,30114.1549,Yıl sonu / rapor dönemi,Türetilmiş / model,S15;S23,https://www.gayrimenkulhaber.com/guncel/endeksa-2024-yillik-gayrimenkul-deger-raporu-yayimlandi/ ; https://betam.bahcesehir.edu.tr/2026/01/sahibindex-kiralik-konut-piyasasi-gorunumu-ocak-2026/,
İzmir,8,Ortalama kira fiyatı,TL/ay,2026,32520.0,Temmuz 2026 son gözlem,Son piyasa gözlemi,S20,https://www.emlakjet.com/satilik-konut/izmir,
İzmir,8,Ortalama kira fiyatı,TL/ay,2027,37398.0,Tahmin,Tahmin,S20;S24;S28;S29,https://www.emlakjet.com/satilik-konut/izmir ; https://www.cnbce.com/gayrimenkul/konut-piyasasinda-temmuz-hareketliligi-kiralikta-talep-artti-kiralar-reel-olarak-dustu-g36014 ; https://tcmb.gov.tr/wps/wcm/connect/tr/tcmb%2Btr/main%2Bmenu/duyurular/baskanin%2Bkonusmalari/2026/konusmab13_08_2026 ; https://www.aa.com.tr/tr/ekonomi/tcmb-baskani-karahan-2026-yil-sonu-enflasyon-tahminimizi-yuzde-28-olarak-yukari-yonlu-guncelledik/4025976,
İzmir,8,Ortalama kira fiyatı,TL/ay,2028,40763.82,Tahmin,Tahmin,S20;S24;S28;S29,https://www.emlakjet.com/satilik-konut/izmir ; https://www.cnbce.com/gayrimenkul/konut-piyasasinda-temmuz-hareketliligi-kiralikta-talep-artti-kiralar-reel-olarak-dustu-g36014 ; https://tcmb.gov.tr/wps/wcm/connect/tr/tcmb%2Btr/main%2Bmenu/duyurular/baskanin%2Bkonusmalari/2026/konusmab13_08_2026 ; https://www.aa.com.tr/tr/ekonomi/tcmb-baskani-karahan-2026-yil-sonu-enflasyon-tahminimizi-yuzde-28-olarak-yukari-yonlu-guncelledik/4025976,
İzmir,8,Ortalama kira fiyatı,TL/ay,2029,43209.6492,Tahmin,Tahmin,S20;S24;S28;S29,https://www.emlakjet.com/satilik-konut/izmir ; https://www.cnbce.com/gayrimenkul/konut-piyasasinda-temmuz-hareketliligi-kiralikta-talep-artti-kiralar-reel-olarak-dustu-g36014 ; https://tcmb.gov.tr/wps/wcm/connect/tr/tcmb%2Btr/main%2Bmenu/duyurular/baskanin%2Bkonusmalari/2026/konusmab13_08_2026 ; https://www.aa.com.tr/tr/ekonomi/tcmb-baskani-karahan-2026-yil-sonu-enflasyon-tahminimizi-yuzde-28-olarak-yukari-yonlu-guncelledik/4025976,
İzmir,8,Ortalama kira fiyatı,TL/ay,2030,45370.1317,Tahmin,Tahmin,S20;S24;S28;S29,https://www.emlakjet.com/satilik-konut/izmir ; https://www.cnbce.com/gayrimenkul/konut-piyasasinda-temmuz-hareketliligi-kiralikta-talep-artti-kiralar-reel-olarak-dustu-g36014 ; https://tcmb.gov.tr/wps/wcm/connect/tr/tcmb%2Btr/main%2Bmenu/duyurular/baskanin%2Bkonusmalari/2026/konusmab13_08_2026 ; https://www.aa.com.tr/tr/ekonomi/tcmb-baskani-karahan-2026-yil-sonu-enflasyon-tahminimizi-yuzde-28-olarak-yukari-yonlu-guncelledik/4025976,
